'id','inScheme','name','description','ISO3c','wmo_region','links','_version','_change_date','_user','_status','_comments'
'https://codes.wmo.int/wmdr/TerritoryName/AFG','https://codes.wmo.int/wmdr/TerritoryName','Afghanistan','Afghanistan','AFG',NULL,'[{"type": "text/html", "rel": "canonical", "href": "https://codes.wmo.int/wmdr/TerritoryName/AFG"}]',1,'2023-08-17T08:05:34.957392','x-opencdms:admin:user:1','x-opencdms:reference_data:status:1','First automated ingest from codes.wmo.int. Data download on _change_date.'
'https://codes.wmo.int/wmdr/TerritoryName/AGO','https://codes.wmo.int/wmdr/TerritoryName','Angola','Angola','AGO',NULL,'[{"type": "text/html", "rel": "canonical", "href": "https://codes.wmo.int/wmdr/TerritoryName/AGO"}]',1,'2023-08-17T08:05:34.957392','x-opencdms:admin:user:1','x-opencdms:reference_data:status:1','First automated ingest from codes.wmo.int. Data download on _change_date.'
'https://codes.wmo.int/wmdr/TerritoryName/AIA','https://codes.wmo.int/wmdr/TerritoryName','Anguilla','Anguilla','AIA',NULL,'[{"type": "text/html", "rel": "canonical", "href": "https://codes.wmo.int/wmdr/TerritoryName/AIA"}]',1,'2023-08-17T08:05:34.957392','x-opencdms:admin:user:1','x-opencdms:reference_data:status:1','First automated ingest from codes.wmo.int. Data download on _change_date.'
'https://codes.wmo.int/wmdr/TerritoryName/ALB','https://codes.wmo.int/wmdr/TerritoryName','Albania','Albania','ALB',NULL,'[{"type": "text/html", "rel": "canonical", "href": "https://codes.wmo.int/wmdr/TerritoryName/ALB"}]',1,'2023-08-17T08:05:34.957392','x-opencdms:admin:user:1','x-opencdms:reference_data:status:1','First automated ingest from codes.wmo.int. Data download on _change_date.'
'https://codes.wmo.int/wmdr/TerritoryName/AND','https://codes.wmo.int/wmdr/TerritoryName','Andorra','Andorra','AND',NULL,'[{"type": "text/html", "rel": "canonical", "href": "https://codes.wmo.int/wmdr/TerritoryName/AND"}]',1,'2023-08-17T08:05:34.957392','x-opencdms:admin:user:1','x-opencdms:reference_data:status:1','First automated ingest from codes.wmo.int. Data download on _change_date.'
'https://codes.wmo.int/wmdr/TerritoryName/ARE','https://codes.wmo.int/wmdr/TerritoryName','United Arab Emirates (the)','United Arab Emirates (the)','ARE',NULL,'[{"type": "text/html", "rel": "canonical", "href": "https://codes.wmo.int/wmdr/TerritoryName/ARE"}]',1,'2023-08-17T08:05:34.957392','x-opencdms:admin:user:1','x-opencdms:reference_data:status:1','First automated ingest from codes.wmo.int. Data download on _change_date.'
'https://codes.wmo.int/wmdr/TerritoryName/ARG','https://codes.wmo.int/wmdr/TerritoryName','Argentina','Argentina','ARG',NULL,'[{"type": "text/html", "rel": "canonical", "href": "https://codes.wmo.int/wmdr/TerritoryName/ARG"}]',1,'2023-08-17T08:05:34.957392','x-opencdms:admin:user:1','x-opencdms:reference_data:status:1','First automated ingest from codes.wmo.int. Data download on _change_date.'
'https://codes.wmo.int/wmdr/TerritoryName/ARM','https://codes.wmo.int/wmdr/TerritoryName','Armenia','Armenia','ARM',NULL,'[{"type": "text/html", "rel": "canonical", "href": "https://codes.wmo.int/wmdr/TerritoryName/ARM"}]',1,'2023-08-17T08:05:34.957392','x-opencdms:admin:user:1','x-opencdms:reference_data:status:1','First automated ingest from codes.wmo.int. Data download on _change_date.'
'https://codes.wmo.int/wmdr/TerritoryName/ATG','https://codes.wmo.int/wmdr/TerritoryName','Antigua and Barbuda','Antigua and Barbuda','ATG',NULL,'[{"type": "text/html", "rel": "canonical", "href": "https://codes.wmo.int/wmdr/TerritoryName/ATG"}]',1,'2023-08-17T08:05:34.957392','x-opencdms:admin:user:1','x-opencdms:reference_data:status:1','First automated ingest from codes.wmo.int. Data download on _change_date.'
'https://codes.wmo.int/wmdr/TerritoryName/AUS','https://codes.wmo.int/wmdr/TerritoryName','Australia','Australia','AUS',NULL,'[{"type": "text/html", "rel": "canonical", "href": "https://codes.wmo.int/wmdr/TerritoryName/AUS"}]',1,'2023-08-17T08:05:34.957392','x-opencdms:admin:user:1','x-opencdms:reference_data:status:1','First automated ingest from codes.wmo.int. Data download on _change_date.'
'https://codes.wmo.int/wmdr/TerritoryName/AUT','https://codes.wmo.int/wmdr/TerritoryName','Austria','Austria','AUT',NULL,'[{"type": "text/html", "rel": "canonical", "href": "https://codes.wmo.int/wmdr/TerritoryName/AUT"}]',1,'2023-08-17T08:05:34.957392','x-opencdms:admin:user:1','x-opencdms:reference_data:status:1','First automated ingest from codes.wmo.int. Data download on _change_date.'
'https://codes.wmo.int/wmdr/TerritoryName/AZE','https://codes.wmo.int/wmdr/TerritoryName','Azerbaijan','Azerbaijan','AZE',NULL,'[{"type": "text/html", "rel": "canonical", "href": "https://codes.wmo.int/wmdr/TerritoryName/AZE"}]',1,'2023-08-17T08:05:34.957392','x-opencdms:admin:user:1','x-opencdms:reference_data:status:1','First automated ingest from codes.wmo.int. Data download on _change_date.'
'https://codes.wmo.int/wmdr/TerritoryName/BCT','https://codes.wmo.int/wmdr/TerritoryName','British Caribbean Territories','British Caribbean Territories','BCT',NULL,'[{"type": "text/html", "rel": "canonical", "href": "https://codes.wmo.int/wmdr/TerritoryName/BCT"}]',1,'2023-08-17T08:05:34.957392','x-opencdms:admin:user:1','x-opencdms:reference_data:status:1','First automated ingest from codes.wmo.int. Data download on _change_date.'
'https://codes.wmo.int/wmdr/TerritoryName/BDI','https://codes.wmo.int/wmdr/TerritoryName','Burundi','Burundi','BDI',NULL,'[{"type": "text/html", "rel": "canonical", "href": "https://codes.wmo.int/wmdr/TerritoryName/BDI"}]',1,'2023-08-17T08:05:34.957392','x-opencdms:admin:user:1','x-opencdms:reference_data:status:1','First automated ingest from codes.wmo.int. Data download on _change_date.'
'https://codes.wmo.int/wmdr/TerritoryName/BEL','https://codes.wmo.int/wmdr/TerritoryName','Belgium','Belgium','BEL',NULL,'[{"type": "text/html", "rel": "canonical", "href": "https://codes.wmo.int/wmdr/TerritoryName/BEL"}]',1,'2023-08-17T08:05:34.957392','x-opencdms:admin:user:1','x-opencdms:reference_data:status:1','First automated ingest from codes.wmo.int. Data download on _change_date.'
'https://codes.wmo.int/wmdr/TerritoryName/BEN','https://codes.wmo.int/wmdr/TerritoryName','Benin','Benin','BEN',NULL,'[{"type": "text/html", "rel": "canonical", "href": "https://codes.wmo.int/wmdr/TerritoryName/BEN"}]',1,'2023-08-17T08:05:34.957392','x-opencdms:admin:user:1','x-opencdms:reference_data:status:1','First automated ingest from codes.wmo.int. Data download on _change_date.'
'https://codes.wmo.int/wmdr/TerritoryName/BFA','https://codes.wmo.int/wmdr/TerritoryName','Burkina Faso','Burkina Faso','BFA',NULL,'[{"type": "text/html", "rel": "canonical", "href": "https://codes.wmo.int/wmdr/TerritoryName/BFA"}]',1,'2023-08-17T08:05:34.957392','x-opencdms:admin:user:1','x-opencdms:reference_data:status:1','First automated ingest from codes.wmo.int. Data download on _change_date.'
'https://codes.wmo.int/wmdr/TerritoryName/BGD','https://codes.wmo.int/wmdr/TerritoryName','Bangladesh','Bangladesh','BGD',NULL,'[{"type": "text/html", "rel": "canonical", "href": "https://codes.wmo.int/wmdr/TerritoryName/BGD"}]',1,'2023-08-17T08:05:34.957392','x-opencdms:admin:user:1','x-opencdms:reference_data:status:1','First automated ingest from codes.wmo.int. Data download on _change_date.'
'https://codes.wmo.int/wmdr/TerritoryName/BGR','https://codes.wmo.int/wmdr/TerritoryName','Bulgaria','Bulgaria','BGR',NULL,'[{"type": "text/html", "rel": "canonical", "href": "https://codes.wmo.int/wmdr/TerritoryName/BGR"}]',1,'2023-08-17T08:05:34.957392','x-opencdms:admin:user:1','x-opencdms:reference_data:status:1','First automated ingest from codes.wmo.int. Data download on _change_date.'
'https://codes.wmo.int/wmdr/TerritoryName/BHR','https://codes.wmo.int/wmdr/TerritoryName','Bahrain','Bahrain','BHR',NULL,'[{"type": "text/html", "rel": "canonical", "href": "https://codes.wmo.int/wmdr/TerritoryName/BHR"}]',1,'2023-08-17T08:05:34.957392','x-opencdms:admin:user:1','x-opencdms:reference_data:status:1','First automated ingest from codes.wmo.int. Data download on _change_date.'
'https://codes.wmo.int/wmdr/TerritoryName/BHS','https://codes.wmo.int/wmdr/TerritoryName','Bahamas','Bahamas','BHS',NULL,'[{"type": "text/html", "rel": "canonical", "href": "https://codes.wmo.int/wmdr/TerritoryName/BHS"}]',1,'2023-08-17T08:05:34.957392','x-opencdms:admin:user:1','x-opencdms:reference_data:status:1','First automated ingest from codes.wmo.int. Data download on _change_date.'
'https://codes.wmo.int/wmdr/TerritoryName/BIH','https://codes.wmo.int/wmdr/TerritoryName','Bosnia and Herzegovina','Bosnia and Herzegovina','BIH',NULL,'[{"type": "text/html", "rel": "canonical", "href": "https://codes.wmo.int/wmdr/TerritoryName/BIH"}]',1,'2023-08-17T08:05:34.957392','x-opencdms:admin:user:1','x-opencdms:reference_data:status:1','First automated ingest from codes.wmo.int. Data download on _change_date.'
'https://codes.wmo.int/wmdr/TerritoryName/BLR','https://codes.wmo.int/wmdr/TerritoryName','Belarus','Belarus','BLR',NULL,'[{"type": "text/html", "rel": "canonical", "href": "https://codes.wmo.int/wmdr/TerritoryName/BLR"}]',1,'2023-08-17T08:05:34.957392','x-opencdms:admin:user:1','x-opencdms:reference_data:status:1','First automated ingest from codes.wmo.int. Data download on _change_date.'
'https://codes.wmo.int/wmdr/TerritoryName/BLZ','https://codes.wmo.int/wmdr/TerritoryName','Belize','Belize','BLZ',NULL,'[{"type": "text/html", "rel": "canonical", "href": "https://codes.wmo.int/wmdr/TerritoryName/BLZ"}]',1,'2023-08-17T08:05:34.957392','x-opencdms:admin:user:1','x-opencdms:reference_data:status:1','First automated ingest from codes.wmo.int. Data download on _change_date.'
'https://codes.wmo.int/wmdr/TerritoryName/BMU','https://codes.wmo.int/wmdr/TerritoryName','Bermuda','Bermuda','BMU',NULL,'[{"type": "text/html", "rel": "canonical", "href": "https://codes.wmo.int/wmdr/TerritoryName/BMU"}]',1,'2023-08-17T08:05:34.957392','x-opencdms:admin:user:1','x-opencdms:reference_data:status:1','First automated ingest from codes.wmo.int. Data download on _change_date.'
'https://codes.wmo.int/wmdr/TerritoryName/BOL','https://codes.wmo.int/wmdr/TerritoryName','Bolivia, Plurinational State of','Bolivia, Plurinational State of','BOL',NULL,'[{"type": "text/html", "rel": "canonical", "href": "https://codes.wmo.int/wmdr/TerritoryName/BOL"}]',1,'2023-08-17T08:05:34.957392','x-opencdms:admin:user:1','x-opencdms:reference_data:status:1','First automated ingest from codes.wmo.int. Data download on _change_date.'
'https://codes.wmo.int/wmdr/TerritoryName/BRA','https://codes.wmo.int/wmdr/TerritoryName','Brazil','Brazil','BRA',NULL,'[{"type": "text/html", "rel": "canonical", "href": "https://codes.wmo.int/wmdr/TerritoryName/BRA"}]',1,'2023-08-17T08:05:34.957392','x-opencdms:admin:user:1','x-opencdms:reference_data:status:1','First automated ingest from codes.wmo.int. Data download on _change_date.'
'https://codes.wmo.int/wmdr/TerritoryName/BRB','https://codes.wmo.int/wmdr/TerritoryName','Barbados','Barbados','BRB',NULL,'[{"type": "text/html", "rel": "canonical", "href": "https://codes.wmo.int/wmdr/TerritoryName/BRB"}]',1,'2023-08-17T08:05:34.957392','x-opencdms:admin:user:1','x-opencdms:reference_data:status:1','First automated ingest from codes.wmo.int. Data download on _change_date.'
'https://codes.wmo.int/wmdr/TerritoryName/BRN','https://codes.wmo.int/wmdr/TerritoryName','Brunei Darussalam','Brunei Darussalam','BRN',NULL,'[{"type": "text/html", "rel": "canonical", "href": "https://codes.wmo.int/wmdr/TerritoryName/BRN"}]',1,'2023-08-17T08:05:34.957392','x-opencdms:admin:user:1','x-opencdms:reference_data:status:1','First automated ingest from codes.wmo.int. Data download on _change_date.'
'https://codes.wmo.int/wmdr/TerritoryName/BTN','https://codes.wmo.int/wmdr/TerritoryName','Bhutan','Bhutan','BTN',NULL,'[{"type": "text/html", "rel": "canonical", "href": "https://codes.wmo.int/wmdr/TerritoryName/BTN"}]',1,'2023-08-17T08:05:34.957392','x-opencdms:admin:user:1','x-opencdms:reference_data:status:1','First automated ingest from codes.wmo.int. Data download on _change_date.'
'https://codes.wmo.int/wmdr/TerritoryName/BWA','https://codes.wmo.int/wmdr/TerritoryName','Botswana','Botswana','BWA',NULL,'[{"type": "text/html", "rel": "canonical", "href": "https://codes.wmo.int/wmdr/TerritoryName/BWA"}]',1,'2023-08-17T08:05:34.957392','x-opencdms:admin:user:1','x-opencdms:reference_data:status:1','First automated ingest from codes.wmo.int. Data download on _change_date.'
'https://codes.wmo.int/wmdr/TerritoryName/CAF','https://codes.wmo.int/wmdr/TerritoryName','Central African Republic','Central African Republic','CAF',NULL,'[{"type": "text/html", "rel": "canonical", "href": "https://codes.wmo.int/wmdr/TerritoryName/CAF"}]',1,'2023-08-17T08:05:34.957392','x-opencdms:admin:user:1','x-opencdms:reference_data:status:1','First automated ingest from codes.wmo.int. Data download on _change_date.'
'https://codes.wmo.int/wmdr/TerritoryName/CAN','https://codes.wmo.int/wmdr/TerritoryName','Canada','Canada','CAN',NULL,'[{"type": "text/html", "rel": "canonical", "href": "https://codes.wmo.int/wmdr/TerritoryName/CAN"}]',1,'2023-08-17T08:05:34.957392','x-opencdms:admin:user:1','x-opencdms:reference_data:status:1','First automated ingest from codes.wmo.int. Data download on _change_date.'
'https://codes.wmo.int/wmdr/TerritoryName/CCK','https://codes.wmo.int/wmdr/TerritoryName','Cocos (Keeling) Islands','Cocos (Keeling) Islands','CCK',NULL,'[{"type": "text/html", "rel": "canonical", "href": "https://codes.wmo.int/wmdr/TerritoryName/CCK"}]',1,'2023-08-17T08:05:34.957392','x-opencdms:admin:user:1','x-opencdms:reference_data:status:1','First automated ingest from codes.wmo.int. Data download on _change_date.'
'https://codes.wmo.int/wmdr/TerritoryName/CHE','https://codes.wmo.int/wmdr/TerritoryName','Switzerland','Switzerland','CHE',NULL,'[{"type": "text/html", "rel": "canonical", "href": "https://codes.wmo.int/wmdr/TerritoryName/CHE"}]',1,'2023-08-17T08:05:34.957392','x-opencdms:admin:user:1','x-opencdms:reference_data:status:1','First automated ingest from codes.wmo.int. Data download on _change_date.'
'https://codes.wmo.int/wmdr/TerritoryName/CHL','https://codes.wmo.int/wmdr/TerritoryName','Chile','Chile','CHL',NULL,'[{"type": "text/html", "rel": "canonical", "href": "https://codes.wmo.int/wmdr/TerritoryName/CHL"}]',1,'2023-08-17T08:05:34.957392','x-opencdms:admin:user:1','x-opencdms:reference_data:status:1','First automated ingest from codes.wmo.int. Data download on _change_date.'
'https://codes.wmo.int/wmdr/TerritoryName/CHN','https://codes.wmo.int/wmdr/TerritoryName','China','China','CHN',NULL,'[{"type": "text/html", "rel": "canonical", "href": "https://codes.wmo.int/wmdr/TerritoryName/CHN"}]',1,'2023-08-17T08:05:34.957392','x-opencdms:admin:user:1','x-opencdms:reference_data:status:1','First automated ingest from codes.wmo.int. Data download on _change_date.'
'https://codes.wmo.int/wmdr/TerritoryName/CIV','https://codes.wmo.int/wmdr/TerritoryName','Côte dIvoire','Côte d\''Ivoire','CIV',NULL,'[{"type": "text/html", "rel": "canonical", "href": "https://codes.wmo.int/wmdr/TerritoryName/CIV"}]',1,'2023-08-17T08:05:34.957392','x-opencdms:admin:user:1','x-opencdms:reference_data:status:1','First automated ingest from codes.wmo.int. Data download on _change_date.'
'https://codes.wmo.int/wmdr/TerritoryName/CMR','https://codes.wmo.int/wmdr/TerritoryName','Cameroon','Cameroon','CMR',NULL,'[{"type": "text/html", "rel": "canonical", "href": "https://codes.wmo.int/wmdr/TerritoryName/CMR"}]',1,'2023-08-17T08:05:34.957392','x-opencdms:admin:user:1','x-opencdms:reference_data:status:1','First automated ingest from codes.wmo.int. Data download on _change_date.'
'https://codes.wmo.int/wmdr/TerritoryName/COD','https://codes.wmo.int/wmdr/TerritoryName','Congo, Democratic Republic of the','Congo, Democratic Republic of the','COD',NULL,'[{"type": "text/html", "rel": "canonical", "href": "https://codes.wmo.int/wmdr/TerritoryName/COD"}]',1,'2023-08-17T08:05:34.957392','x-opencdms:admin:user:1','x-opencdms:reference_data:status:1','First automated ingest from codes.wmo.int. Data download on _change_date.'
'https://codes.wmo.int/wmdr/TerritoryName/COG','https://codes.wmo.int/wmdr/TerritoryName','Congo','Congo','COG',NULL,'[{"type": "text/html", "rel": "canonical", "href": "https://codes.wmo.int/wmdr/TerritoryName/COG"}]',1,'2023-08-17T08:05:34.957392','x-opencdms:admin:user:1','x-opencdms:reference_data:status:1','First automated ingest from codes.wmo.int. Data download on _change_date.'
'https://codes.wmo.int/wmdr/TerritoryName/COK','https://codes.wmo.int/wmdr/TerritoryName','Cook Islands','Cook Islands','COK',NULL,'[{"type": "text/html", "rel": "canonical", "href": "https://codes.wmo.int/wmdr/TerritoryName/COK"}]',1,'2023-08-17T08:05:34.957392','x-opencdms:admin:user:1','x-opencdms:reference_data:status:1','First automated ingest from codes.wmo.int. Data download on _change_date.'
'https://codes.wmo.int/wmdr/TerritoryName/COL','https://codes.wmo.int/wmdr/TerritoryName','Colombia','Colombia','COL',NULL,'[{"type": "text/html", "rel": "canonical", "href": "https://codes.wmo.int/wmdr/TerritoryName/COL"}]',1,'2023-08-17T08:05:34.957392','x-opencdms:admin:user:1','x-opencdms:reference_data:status:1','First automated ingest from codes.wmo.int. Data download on _change_date.'
'https://codes.wmo.int/wmdr/TerritoryName/COM','https://codes.wmo.int/wmdr/TerritoryName','Comoros','Comoros','COM',NULL,'[{"type": "text/html", "rel": "canonical", "href": "https://codes.wmo.int/wmdr/TerritoryName/COM"}]',1,'2023-08-17T08:05:34.957392','x-opencdms:admin:user:1','x-opencdms:reference_data:status:1','First automated ingest from codes.wmo.int. Data download on _change_date.'
'https://codes.wmo.int/wmdr/TerritoryName/CPV','https://codes.wmo.int/wmdr/TerritoryName','Cabo Verde','Cabo Verde','CPV',NULL,'[{"type": "text/html", "rel": "canonical", "href": "https://codes.wmo.int/wmdr/TerritoryName/CPV"}]',1,'2023-08-17T08:05:34.957392','x-opencdms:admin:user:1','x-opencdms:reference_data:status:1','First automated ingest from codes.wmo.int. Data download on _change_date.'
'https://codes.wmo.int/wmdr/TerritoryName/CRI','https://codes.wmo.int/wmdr/TerritoryName','Costa Rica','Costa Rica','CRI',NULL,'[{"type": "text/html", "rel": "canonical", "href": "https://codes.wmo.int/wmdr/TerritoryName/CRI"}]',1,'2023-08-17T08:05:34.957392','x-opencdms:admin:user:1','x-opencdms:reference_data:status:1','First automated ingest from codes.wmo.int. Data download on _change_date.'
'https://codes.wmo.int/wmdr/TerritoryName/CSM','https://codes.wmo.int/wmdr/TerritoryName','Curacao and Sint Maarten','Curacao and Sint Maarten','CSM',NULL,'[{"type": "text/html", "rel": "canonical", "href": "https://codes.wmo.int/wmdr/TerritoryName/CSM"}]',1,'2023-08-17T08:05:34.957392','x-opencdms:admin:user:1','x-opencdms:reference_data:status:1','First automated ingest from codes.wmo.int. Data download on _change_date.'
'https://codes.wmo.int/wmdr/TerritoryName/CUB','https://codes.wmo.int/wmdr/TerritoryName','Cuba','Cuba','CUB',NULL,'[{"type": "text/html", "rel": "canonical", "href": "https://codes.wmo.int/wmdr/TerritoryName/CUB"}]',1,'2023-08-17T08:05:34.957392','x-opencdms:admin:user:1','x-opencdms:reference_data:status:1','First automated ingest from codes.wmo.int. Data download on _change_date.'
'https://codes.wmo.int/wmdr/TerritoryName/CUW','https://codes.wmo.int/wmdr/TerritoryName','Curacao','Curacao','CUW',NULL,'[{"type": "text/html", "rel": "canonical", "href": "https://codes.wmo.int/wmdr/TerritoryName/CUW"}]',1,'2023-08-17T08:05:34.957392','x-opencdms:admin:user:1','x-opencdms:reference_data:status:1','First automated ingest from codes.wmo.int. Data download on _change_date.'
'https://codes.wmo.int/wmdr/TerritoryName/CXR','https://codes.wmo.int/wmdr/TerritoryName','Christmas Island','Christmas Island','CXR',NULL,'[{"type": "text/html", "rel": "canonical", "href": "https://codes.wmo.int/wmdr/TerritoryName/CXR"}]',1,'2023-08-17T08:05:34.957392','x-opencdms:admin:user:1','x-opencdms:reference_data:status:1','First automated ingest from codes.wmo.int. Data download on _change_date.'
'https://codes.wmo.int/wmdr/TerritoryName/CYM','https://codes.wmo.int/wmdr/TerritoryName','Cayman Islands','Cayman Islands','CYM',NULL,'[{"type": "text/html", "rel": "canonical", "href": "https://codes.wmo.int/wmdr/TerritoryName/CYM"}]',1,'2023-08-17T08:05:34.957392','x-opencdms:admin:user:1','x-opencdms:reference_data:status:1','First automated ingest from codes.wmo.int. Data download on _change_date.'
'https://codes.wmo.int/wmdr/TerritoryName/CYP','https://codes.wmo.int/wmdr/TerritoryName','Cyprus','Cyprus','CYP',NULL,'[{"type": "text/html", "rel": "canonical", "href": "https://codes.wmo.int/wmdr/TerritoryName/CYP"}]',1,'2023-08-17T08:05:34.957392','x-opencdms:admin:user:1','x-opencdms:reference_data:status:1','First automated ingest from codes.wmo.int. Data download on _change_date.'
'https://codes.wmo.int/wmdr/TerritoryName/CZE','https://codes.wmo.int/wmdr/TerritoryName','Czech Republic','Czech Republic','CZE',NULL,'[{"type": "text/html", "rel": "canonical", "href": "https://codes.wmo.int/wmdr/TerritoryName/CZE"}]',1,'2023-08-17T08:05:34.957392','x-opencdms:admin:user:1','x-opencdms:reference_data:status:1','First automated ingest from codes.wmo.int. Data download on _change_date.'
'https://codes.wmo.int/wmdr/TerritoryName/DEU','https://codes.wmo.int/wmdr/TerritoryName','Germany','Germany','DEU',NULL,'[{"type": "text/html", "rel": "canonical", "href": "https://codes.wmo.int/wmdr/TerritoryName/DEU"}]',1,'2023-08-17T08:05:34.957392','x-opencdms:admin:user:1','x-opencdms:reference_data:status:1','First automated ingest from codes.wmo.int. Data download on _change_date.'
'https://codes.wmo.int/wmdr/TerritoryName/DJI','https://codes.wmo.int/wmdr/TerritoryName','Djibouti','Djibouti','DJI',NULL,'[{"type": "text/html", "rel": "canonical", "href": "https://codes.wmo.int/wmdr/TerritoryName/DJI"}]',1,'2023-08-17T08:05:34.957392','x-opencdms:admin:user:1','x-opencdms:reference_data:status:1','First automated ingest from codes.wmo.int. Data download on _change_date.'
'https://codes.wmo.int/wmdr/TerritoryName/DMA','https://codes.wmo.int/wmdr/TerritoryName','Dominica','Dominica','DMA',NULL,'[{"type": "text/html", "rel": "canonical", "href": "https://codes.wmo.int/wmdr/TerritoryName/DMA"}]',1,'2023-08-17T08:05:34.957392','x-opencdms:admin:user:1','x-opencdms:reference_data:status:1','First automated ingest from codes.wmo.int. Data download on _change_date.'
'https://codes.wmo.int/wmdr/TerritoryName/DNK','https://codes.wmo.int/wmdr/TerritoryName','Denmark','Denmark','DNK',NULL,'[{"type": "text/html", "rel": "canonical", "href": "https://codes.wmo.int/wmdr/TerritoryName/DNK"}]',1,'2023-08-17T08:05:34.957392','x-opencdms:admin:user:1','x-opencdms:reference_data:status:1','First automated ingest from codes.wmo.int. Data download on _change_date.'
'https://codes.wmo.int/wmdr/TerritoryName/DOM','https://codes.wmo.int/wmdr/TerritoryName','Dominican Republic','Dominican Republic','DOM',NULL,'[{"type": "text/html", "rel": "canonical", "href": "https://codes.wmo.int/wmdr/TerritoryName/DOM"}]',1,'2023-08-17T08:05:34.957392','x-opencdms:admin:user:1','x-opencdms:reference_data:status:1','First automated ingest from codes.wmo.int. Data download on _change_date.'
'https://codes.wmo.int/wmdr/TerritoryName/DZA','https://codes.wmo.int/wmdr/TerritoryName','Algeria','Algeria','DZA',NULL,'[{"type": "text/html", "rel": "canonical", "href": "https://codes.wmo.int/wmdr/TerritoryName/DZA"}]',1,'2023-08-17T08:05:34.957392','x-opencdms:admin:user:1','x-opencdms:reference_data:status:1','First automated ingest from codes.wmo.int. Data download on _change_date.'
'https://codes.wmo.int/wmdr/TerritoryName/ECU','https://codes.wmo.int/wmdr/TerritoryName','Ecuador','Ecuador','ECU',NULL,'[{"type": "text/html", "rel": "canonical", "href": "https://codes.wmo.int/wmdr/TerritoryName/ECU"}]',1,'2023-08-17T08:05:34.957392','x-opencdms:admin:user:1','x-opencdms:reference_data:status:1','First automated ingest from codes.wmo.int. Data download on _change_date.'
'https://codes.wmo.int/wmdr/TerritoryName/EGY','https://codes.wmo.int/wmdr/TerritoryName','Egypt','Egypt','EGY',NULL,'[{"type": "text/html", "rel": "canonical", "href": "https://codes.wmo.int/wmdr/TerritoryName/EGY"}]',1,'2023-08-17T08:05:34.957392','x-opencdms:admin:user:1','x-opencdms:reference_data:status:1','First automated ingest from codes.wmo.int. Data download on _change_date.'
'https://codes.wmo.int/wmdr/TerritoryName/ERI','https://codes.wmo.int/wmdr/TerritoryName','Eritrea','Eritrea','ERI',NULL,'[{"type": "text/html", "rel": "canonical", "href": "https://codes.wmo.int/wmdr/TerritoryName/ERI"}]',1,'2023-08-17T08:05:34.957392','x-opencdms:admin:user:1','x-opencdms:reference_data:status:1','First automated ingest from codes.wmo.int. Data download on _change_date.'
'https://codes.wmo.int/wmdr/TerritoryName/ESH','https://codes.wmo.int/wmdr/TerritoryName','Western Sahara','Western Sahara','ESH',NULL,'[{"type": "text/html", "rel": "canonical", "href": "https://codes.wmo.int/wmdr/TerritoryName/ESH"}]',1,'2023-08-17T08:05:34.957392','x-opencdms:admin:user:1','x-opencdms:reference_data:status:1','First automated ingest from codes.wmo.int. Data download on _change_date.'
'https://codes.wmo.int/wmdr/TerritoryName/ESP','https://codes.wmo.int/wmdr/TerritoryName','Spain','Spain','ESP',NULL,'[{"type": "text/html", "rel": "canonical", "href": "https://codes.wmo.int/wmdr/TerritoryName/ESP"}]',1,'2023-08-17T08:05:34.957392','x-opencdms:admin:user:1','x-opencdms:reference_data:status:1','First automated ingest from codes.wmo.int. Data download on _change_date.'
'https://codes.wmo.int/wmdr/TerritoryName/EST','https://codes.wmo.int/wmdr/TerritoryName','Estonia','Estonia','EST',NULL,'[{"type": "text/html", "rel": "canonical", "href": "https://codes.wmo.int/wmdr/TerritoryName/EST"}]',1,'2023-08-17T08:05:34.957392','x-opencdms:admin:user:1','x-opencdms:reference_data:status:1','First automated ingest from codes.wmo.int. Data download on _change_date.'
'https://codes.wmo.int/wmdr/TerritoryName/ETH','https://codes.wmo.int/wmdr/TerritoryName','Ethiopia','Ethiopia','ETH',NULL,'[{"type": "text/html", "rel": "canonical", "href": "https://codes.wmo.int/wmdr/TerritoryName/ETH"}]',1,'2023-08-17T08:05:34.957392','x-opencdms:admin:user:1','x-opencdms:reference_data:status:1','First automated ingest from codes.wmo.int. Data download on _change_date.'
'https://codes.wmo.int/wmdr/TerritoryName/FIN','https://codes.wmo.int/wmdr/TerritoryName','Finland','Finland','FIN',NULL,'[{"type": "text/html", "rel": "canonical", "href": "https://codes.wmo.int/wmdr/TerritoryName/FIN"}]',1,'2023-08-17T08:05:34.957392','x-opencdms:admin:user:1','x-opencdms:reference_data:status:1','First automated ingest from codes.wmo.int. Data download on _change_date.'
'https://codes.wmo.int/wmdr/TerritoryName/FJI','https://codes.wmo.int/wmdr/TerritoryName','Fiji','Fiji','FJI',NULL,'[{"type": "text/html", "rel": "canonical", "href": "https://codes.wmo.int/wmdr/TerritoryName/FJI"}]',1,'2023-08-17T08:05:34.957392','x-opencdms:admin:user:1','x-opencdms:reference_data:status:1','First automated ingest from codes.wmo.int. Data download on _change_date.'
'https://codes.wmo.int/wmdr/TerritoryName/FLK','https://codes.wmo.int/wmdr/TerritoryName','Falkland Islands (Malvinas)','Falkland Islands (Malvinas)','FLK',NULL,'[{"type": "text/html", "rel": "canonical", "href": "https://codes.wmo.int/wmdr/TerritoryName/FLK"}]',1,'2023-08-17T08:05:34.957392','x-opencdms:admin:user:1','x-opencdms:reference_data:status:1','First automated ingest from codes.wmo.int. Data download on _change_date.'
'https://codes.wmo.int/wmdr/TerritoryName/FRA','https://codes.wmo.int/wmdr/TerritoryName','France','France','FRA',NULL,'[{"type": "text/html", "rel": "canonical", "href": "https://codes.wmo.int/wmdr/TerritoryName/FRA"}]',1,'2023-08-17T08:05:34.957392','x-opencdms:admin:user:1','x-opencdms:reference_data:status:1','First automated ingest from codes.wmo.int. Data download on _change_date.'
'https://codes.wmo.int/wmdr/TerritoryName/FSM','https://codes.wmo.int/wmdr/TerritoryName','Micronesia, Federated States of','Micronesia, Federated States of','FSM',NULL,'[{"type": "text/html", "rel": "canonical", "href": "https://codes.wmo.int/wmdr/TerritoryName/FSM"}]',1,'2023-08-17T08:05:34.957392','x-opencdms:admin:user:1','x-opencdms:reference_data:status:1','First automated ingest from codes.wmo.int. Data download on _change_date.'
'https://codes.wmo.int/wmdr/TerritoryName/GAB','https://codes.wmo.int/wmdr/TerritoryName','Gabon','Gabon','GAB',NULL,'[{"type": "text/html", "rel": "canonical", "href": "https://codes.wmo.int/wmdr/TerritoryName/GAB"}]',1,'2023-08-17T08:05:34.957392','x-opencdms:admin:user:1','x-opencdms:reference_data:status:1','First automated ingest from codes.wmo.int. Data download on _change_date.'
'https://codes.wmo.int/wmdr/TerritoryName/GBR','https://codes.wmo.int/wmdr/TerritoryName','United Kingdom (the)','United Kingdom (the)','GBR',NULL,'[{"type": "text/html", "rel": "canonical", "href": "https://codes.wmo.int/wmdr/TerritoryName/GBR"}]',1,'2023-08-17T08:05:34.957392','x-opencdms:admin:user:1','x-opencdms:reference_data:status:1','First automated ingest from codes.wmo.int. Data download on _change_date.'
'https://codes.wmo.int/wmdr/TerritoryName/GEO','https://codes.wmo.int/wmdr/TerritoryName','Georgia','Georgia','GEO',NULL,'[{"type": "text/html", "rel": "canonical", "href": "https://codes.wmo.int/wmdr/TerritoryName/GEO"}]',1,'2023-08-17T08:05:34.957392','x-opencdms:admin:user:1','x-opencdms:reference_data:status:1','First automated ingest from codes.wmo.int. Data download on _change_date.'
'https://codes.wmo.int/wmdr/TerritoryName/GHA','https://codes.wmo.int/wmdr/TerritoryName','Ghana','Ghana','GHA',NULL,'[{"type": "text/html", "rel": "canonical", "href": "https://codes.wmo.int/wmdr/TerritoryName/GHA"}]',1,'2023-08-17T08:05:34.957392','x-opencdms:admin:user:1','x-opencdms:reference_data:status:1','First automated ingest from codes.wmo.int. Data download on _change_date.'
'https://codes.wmo.int/wmdr/TerritoryName/GIB','https://codes.wmo.int/wmdr/TerritoryName','Gibraltar','Gibraltar','GIB',NULL,'[{"type": "text/html", "rel": "canonical", "href": "https://codes.wmo.int/wmdr/TerritoryName/GIB"}]',1,'2023-08-17T08:05:34.957392','x-opencdms:admin:user:1','x-opencdms:reference_data:status:1','First automated ingest from codes.wmo.int. Data download on _change_date.'
'https://codes.wmo.int/wmdr/TerritoryName/GIN','https://codes.wmo.int/wmdr/TerritoryName','Guinea','Guinea','GIN',NULL,'[{"type": "text/html", "rel": "canonical", "href": "https://codes.wmo.int/wmdr/TerritoryName/GIN"}]',1,'2023-08-17T08:05:34.957392','x-opencdms:admin:user:1','x-opencdms:reference_data:status:1','First automated ingest from codes.wmo.int. Data download on _change_date.'
'https://codes.wmo.int/wmdr/TerritoryName/GMB','https://codes.wmo.int/wmdr/TerritoryName','Gambia','Gambia','GMB',NULL,'[{"type": "text/html", "rel": "canonical", "href": "https://codes.wmo.int/wmdr/TerritoryName/GMB"}]',1,'2023-08-17T08:05:34.957392','x-opencdms:admin:user:1','x-opencdms:reference_data:status:1','First automated ingest from codes.wmo.int. Data download on _change_date.'
'https://codes.wmo.int/wmdr/TerritoryName/GNB','https://codes.wmo.int/wmdr/TerritoryName','Guinea-Bissau','Guinea-Bissau','GNB',NULL,'[{"type": "text/html", "rel": "canonical", "href": "https://codes.wmo.int/wmdr/TerritoryName/GNB"}]',1,'2023-08-17T08:05:34.957392','x-opencdms:admin:user:1','x-opencdms:reference_data:status:1','First automated ingest from codes.wmo.int. Data download on _change_date.'
'https://codes.wmo.int/wmdr/TerritoryName/GNQ','https://codes.wmo.int/wmdr/TerritoryName','Equatorial Guinea','Equatorial Guinea','GNQ',NULL,'[{"type": "text/html", "rel": "canonical", "href": "https://codes.wmo.int/wmdr/TerritoryName/GNQ"}]',1,'2023-08-17T08:05:34.957392','x-opencdms:admin:user:1','x-opencdms:reference_data:status:1','First automated ingest from codes.wmo.int. Data download on _change_date.'
'https://codes.wmo.int/wmdr/TerritoryName/GRC','https://codes.wmo.int/wmdr/TerritoryName','Greece','Greece','GRC',NULL,'[{"type": "text/html", "rel": "canonical", "href": "https://codes.wmo.int/wmdr/TerritoryName/GRC"}]',1,'2023-08-17T08:05:34.957392','x-opencdms:admin:user:1','x-opencdms:reference_data:status:1','First automated ingest from codes.wmo.int. Data download on _change_date.'
'https://codes.wmo.int/wmdr/TerritoryName/GRD','https://codes.wmo.int/wmdr/TerritoryName','Grenada','Grenada','GRD',NULL,'[{"type": "text/html", "rel": "canonical", "href": "https://codes.wmo.int/wmdr/TerritoryName/GRD"}]',1,'2023-08-17T08:05:34.957392','x-opencdms:admin:user:1','x-opencdms:reference_data:status:1','First automated ingest from codes.wmo.int. Data download on _change_date.'
'https://codes.wmo.int/wmdr/TerritoryName/GRL','https://codes.wmo.int/wmdr/TerritoryName','Greenland','Greenland','GRL',NULL,'[{"type": "text/html", "rel": "canonical", "href": "https://codes.wmo.int/wmdr/TerritoryName/GRL"}]',1,'2023-08-17T08:05:34.957392','x-opencdms:admin:user:1','x-opencdms:reference_data:status:1','First automated ingest from codes.wmo.int. Data download on _change_date.'
'https://codes.wmo.int/wmdr/TerritoryName/GTM','https://codes.wmo.int/wmdr/TerritoryName','Guatemala','Guatemala','GTM',NULL,'[{"type": "text/html", "rel": "canonical", "href": "https://codes.wmo.int/wmdr/TerritoryName/GTM"}]',1,'2023-08-17T08:05:34.957392','x-opencdms:admin:user:1','x-opencdms:reference_data:status:1','First automated ingest from codes.wmo.int. Data download on _change_date.'
'https://codes.wmo.int/wmdr/TerritoryName/GUY','https://codes.wmo.int/wmdr/TerritoryName','Guyana','Guyana','GUY',NULL,'[{"type": "text/html", "rel": "canonical", "href": "https://codes.wmo.int/wmdr/TerritoryName/GUY"}]',1,'2023-08-17T08:05:34.957392','x-opencdms:admin:user:1','x-opencdms:reference_data:status:1','First automated ingest from codes.wmo.int. Data download on _change_date.'
'https://codes.wmo.int/wmdr/TerritoryName/HKG','https://codes.wmo.int/wmdr/TerritoryName','Hong Kong, China','Hong Kong, China','HKG',NULL,'[{"type": "text/html", "rel": "canonical", "href": "https://codes.wmo.int/wmdr/TerritoryName/HKG"}]',1,'2023-08-17T08:05:34.957392','x-opencdms:admin:user:1','x-opencdms:reference_data:status:1','First automated ingest from codes.wmo.int. Data download on _change_date.'
'https://codes.wmo.int/wmdr/TerritoryName/HND','https://codes.wmo.int/wmdr/TerritoryName','Honduras','Honduras','HND',NULL,'[{"type": "text/html", "rel": "canonical", "href": "https://codes.wmo.int/wmdr/TerritoryName/HND"}]',1,'2023-08-17T08:05:34.957392','x-opencdms:admin:user:1','x-opencdms:reference_data:status:1','First automated ingest from codes.wmo.int. Data download on _change_date.'
'https://codes.wmo.int/wmdr/TerritoryName/HRV','https://codes.wmo.int/wmdr/TerritoryName','Croatia','Croatia','HRV',NULL,'[{"type": "text/html", "rel": "canonical", "href": "https://codes.wmo.int/wmdr/TerritoryName/HRV"}]',1,'2023-08-17T08:05:34.957392','x-opencdms:admin:user:1','x-opencdms:reference_data:status:1','First automated ingest from codes.wmo.int. Data download on _change_date.'
'https://codes.wmo.int/wmdr/TerritoryName/HTI','https://codes.wmo.int/wmdr/TerritoryName','Haiti','Haiti','HTI',NULL,'[{"type": "text/html", "rel": "canonical", "href": "https://codes.wmo.int/wmdr/TerritoryName/HTI"}]',1,'2023-08-17T08:05:34.957392','x-opencdms:admin:user:1','x-opencdms:reference_data:status:1','First automated ingest from codes.wmo.int. Data download on _change_date.'
'https://codes.wmo.int/wmdr/TerritoryName/HUN','https://codes.wmo.int/wmdr/TerritoryName','Hungary','Hungary','HUN',NULL,'[{"type": "text/html", "rel": "canonical", "href": "https://codes.wmo.int/wmdr/TerritoryName/HUN"}]',1,'2023-08-17T08:05:34.957392','x-opencdms:admin:user:1','x-opencdms:reference_data:status:1','First automated ingest from codes.wmo.int. Data download on _change_date.'
'https://codes.wmo.int/wmdr/TerritoryName/IDN','https://codes.wmo.int/wmdr/TerritoryName','Indonesia','Indonesia','IDN',NULL,'[{"type": "text/html", "rel": "canonical", "href": "https://codes.wmo.int/wmdr/TerritoryName/IDN"}]',1,'2023-08-17T08:05:34.957392','x-opencdms:admin:user:1','x-opencdms:reference_data:status:1','First automated ingest from codes.wmo.int. Data download on _change_date.'
'https://codes.wmo.int/wmdr/TerritoryName/IND','https://codes.wmo.int/wmdr/TerritoryName','India','India','IND',NULL,'[{"type": "text/html", "rel": "canonical", "href": "https://codes.wmo.int/wmdr/TerritoryName/IND"}]',1,'2023-08-17T08:05:34.957392','x-opencdms:admin:user:1','x-opencdms:reference_data:status:1','First automated ingest from codes.wmo.int. Data download on _change_date.'
'https://codes.wmo.int/wmdr/TerritoryName/IRL','https://codes.wmo.int/wmdr/TerritoryName','Ireland','Ireland','IRL',NULL,'[{"type": "text/html", "rel": "canonical", "href": "https://codes.wmo.int/wmdr/TerritoryName/IRL"}]',1,'2023-08-17T08:05:34.957392','x-opencdms:admin:user:1','x-opencdms:reference_data:status:1','First automated ingest from codes.wmo.int. Data download on _change_date.'
'https://codes.wmo.int/wmdr/TerritoryName/IRN','https://codes.wmo.int/wmdr/TerritoryName','Iran, Islamic Republic of','Iran, Islamic Republic of','IRN',NULL,'[{"type": "text/html", "rel": "canonical", "href": "https://codes.wmo.int/wmdr/TerritoryName/IRN"}]',1,'2023-08-17T08:05:34.957392','x-opencdms:admin:user:1','x-opencdms:reference_data:status:1','First automated ingest from codes.wmo.int. Data download on _change_date.'
'https://codes.wmo.int/wmdr/TerritoryName/IRQ','https://codes.wmo.int/wmdr/TerritoryName','Iraq','Iraq','IRQ',NULL,'[{"type": "text/html", "rel": "canonical", "href": "https://codes.wmo.int/wmdr/TerritoryName/IRQ"}]',1,'2023-08-17T08:05:34.957392','x-opencdms:admin:user:1','x-opencdms:reference_data:status:1','First automated ingest from codes.wmo.int. Data download on _change_date.'
'https://codes.wmo.int/wmdr/TerritoryName/ISL','https://codes.wmo.int/wmdr/TerritoryName','Iceland','Iceland','ISL',NULL,'[{"type": "text/html", "rel": "canonical", "href": "https://codes.wmo.int/wmdr/TerritoryName/ISL"}]',1,'2023-08-17T08:05:34.957392','x-opencdms:admin:user:1','x-opencdms:reference_data:status:1','First automated ingest from codes.wmo.int. Data download on _change_date.'
'https://codes.wmo.int/wmdr/TerritoryName/ISR','https://codes.wmo.int/wmdr/TerritoryName','Israel','Israel','ISR',NULL,'[{"type": "text/html", "rel": "canonical", "href": "https://codes.wmo.int/wmdr/TerritoryName/ISR"}]',1,'2023-08-17T08:05:34.957392','x-opencdms:admin:user:1','x-opencdms:reference_data:status:1','First automated ingest from codes.wmo.int. Data download on _change_date.'
'https://codes.wmo.int/wmdr/TerritoryName/ITA','https://codes.wmo.int/wmdr/TerritoryName','Italy','Italy','ITA',NULL,'[{"type": "text/html", "rel": "canonical", "href": "https://codes.wmo.int/wmdr/TerritoryName/ITA"}]',1,'2023-08-17T08:05:34.957392','x-opencdms:admin:user:1','x-opencdms:reference_data:status:1','First automated ingest from codes.wmo.int. Data download on _change_date.'
'https://codes.wmo.int/wmdr/TerritoryName/JAM','https://codes.wmo.int/wmdr/TerritoryName','Jamaica','Jamaica','JAM',NULL,'[{"type": "text/html", "rel": "canonical", "href": "https://codes.wmo.int/wmdr/TerritoryName/JAM"}]',1,'2023-08-17T08:05:34.957392','x-opencdms:admin:user:1','x-opencdms:reference_data:status:1','First automated ingest from codes.wmo.int. Data download on _change_date.'
'https://codes.wmo.int/wmdr/TerritoryName/JOR','https://codes.wmo.int/wmdr/TerritoryName','Jordan','Jordan','JOR',NULL,'[{"type": "text/html", "rel": "canonical", "href": "https://codes.wmo.int/wmdr/TerritoryName/JOR"}]',1,'2023-08-17T08:05:34.957392','x-opencdms:admin:user:1','x-opencdms:reference_data:status:1','First automated ingest from codes.wmo.int. Data download on _change_date.'
'https://codes.wmo.int/wmdr/TerritoryName/JPN','https://codes.wmo.int/wmdr/TerritoryName','Japan','Japan','JPN',NULL,'[{"type": "text/html", "rel": "canonical", "href": "https://codes.wmo.int/wmdr/TerritoryName/JPN"}]',1,'2023-08-17T08:05:34.957392','x-opencdms:admin:user:1','x-opencdms:reference_data:status:1','First automated ingest from codes.wmo.int. Data download on _change_date.'
'https://codes.wmo.int/wmdr/TerritoryName/KAZ','https://codes.wmo.int/wmdr/TerritoryName','Kazakhstan','Kazakhstan','KAZ',NULL,'[{"type": "text/html", "rel": "canonical", "href": "https://codes.wmo.int/wmdr/TerritoryName/KAZ"}]',1,'2023-08-17T08:05:34.957392','x-opencdms:admin:user:1','x-opencdms:reference_data:status:1','First automated ingest from codes.wmo.int. Data download on _change_date.'
'https://codes.wmo.int/wmdr/TerritoryName/KEN','https://codes.wmo.int/wmdr/TerritoryName','Kenya','Kenya','KEN',NULL,'[{"type": "text/html", "rel": "canonical", "href": "https://codes.wmo.int/wmdr/TerritoryName/KEN"}]',1,'2023-08-17T08:05:34.957392','x-opencdms:admin:user:1','x-opencdms:reference_data:status:1','First automated ingest from codes.wmo.int. Data download on _change_date.'
'https://codes.wmo.int/wmdr/TerritoryName/KGZ','https://codes.wmo.int/wmdr/TerritoryName','Kyrgyzstan','Kyrgyzstan','KGZ',NULL,'[{"type": "text/html", "rel": "canonical", "href": "https://codes.wmo.int/wmdr/TerritoryName/KGZ"}]',1,'2023-08-17T08:05:34.957392','x-opencdms:admin:user:1','x-opencdms:reference_data:status:1','First automated ingest from codes.wmo.int. Data download on _change_date.'
'https://codes.wmo.int/wmdr/TerritoryName/KHM','https://codes.wmo.int/wmdr/TerritoryName','Cambodia','Cambodia','KHM',NULL,'[{"type": "text/html", "rel": "canonical", "href": "https://codes.wmo.int/wmdr/TerritoryName/KHM"}]',1,'2023-08-17T08:05:34.957392','x-opencdms:admin:user:1','x-opencdms:reference_data:status:1','First automated ingest from codes.wmo.int. Data download on _change_date.'
'https://codes.wmo.int/wmdr/TerritoryName/KIR','https://codes.wmo.int/wmdr/TerritoryName','Kiribati','Kiribati','KIR',NULL,'[{"type": "text/html", "rel": "canonical", "href": "https://codes.wmo.int/wmdr/TerritoryName/KIR"}]',1,'2023-08-17T08:05:34.957392','x-opencdms:admin:user:1','x-opencdms:reference_data:status:1','First automated ingest from codes.wmo.int. Data download on _change_date.'
'https://codes.wmo.int/wmdr/TerritoryName/KNA','https://codes.wmo.int/wmdr/TerritoryName','Saint Kitts and Nevis','Saint Kitts and Nevis','KNA',NULL,'[{"type": "text/html", "rel": "canonical", "href": "https://codes.wmo.int/wmdr/TerritoryName/KNA"}]',1,'2023-08-17T08:05:34.957392','x-opencdms:admin:user:1','x-opencdms:reference_data:status:1','First automated ingest from codes.wmo.int. Data download on _change_date.'
'https://codes.wmo.int/wmdr/TerritoryName/KOR','https://codes.wmo.int/wmdr/TerritoryName','Korea, Republic of','Korea, Republic of','KOR',NULL,'[{"type": "text/html", "rel": "canonical", "href": "https://codes.wmo.int/wmdr/TerritoryName/KOR"}]',1,'2023-08-17T08:05:34.957392','x-opencdms:admin:user:1','x-opencdms:reference_data:status:1','First automated ingest from codes.wmo.int. Data download on _change_date.'
'https://codes.wmo.int/wmdr/TerritoryName/KWT','https://codes.wmo.int/wmdr/TerritoryName','Kuwait','Kuwait','KWT',NULL,'[{"type": "text/html", "rel": "canonical", "href": "https://codes.wmo.int/wmdr/TerritoryName/KWT"}]',1,'2023-08-17T08:05:34.957392','x-opencdms:admin:user:1','x-opencdms:reference_data:status:1','First automated ingest from codes.wmo.int. Data download on _change_date.'
'https://codes.wmo.int/wmdr/TerritoryName/LAO','https://codes.wmo.int/wmdr/TerritoryName','Lao Peoples Democratic Republic','Lao People\''s Democratic Republic','LAO',NULL,'[{"type": "text/html", "rel": "canonical", "href": "https://codes.wmo.int/wmdr/TerritoryName/LAO"}]',1,'2023-08-17T08:05:34.957392','x-opencdms:admin:user:1','x-opencdms:reference_data:status:1','First automated ingest from codes.wmo.int. Data download on _change_date.'
'https://codes.wmo.int/wmdr/TerritoryName/LBN','https://codes.wmo.int/wmdr/TerritoryName','Lebanon','Lebanon','LBN',NULL,'[{"type": "text/html", "rel": "canonical", "href": "https://codes.wmo.int/wmdr/TerritoryName/LBN"}]',1,'2023-08-17T08:05:34.957392','x-opencdms:admin:user:1','x-opencdms:reference_data:status:1','First automated ingest from codes.wmo.int. Data download on _change_date.'
'https://codes.wmo.int/wmdr/TerritoryName/LBR','https://codes.wmo.int/wmdr/TerritoryName','Liberia','Liberia','LBR',NULL,'[{"type": "text/html", "rel": "canonical", "href": "https://codes.wmo.int/wmdr/TerritoryName/LBR"}]',1,'2023-08-17T08:05:34.957392','x-opencdms:admin:user:1','x-opencdms:reference_data:status:1','First automated ingest from codes.wmo.int. Data download on _change_date.'
'https://codes.wmo.int/wmdr/TerritoryName/LBY','https://codes.wmo.int/wmdr/TerritoryName','Libya','Libya','LBY',NULL,'[{"type": "text/html", "rel": "canonical", "href": "https://codes.wmo.int/wmdr/TerritoryName/LBY"}]',1,'2023-08-17T08:05:34.957392','x-opencdms:admin:user:1','x-opencdms:reference_data:status:1','First automated ingest from codes.wmo.int. Data download on _change_date.'
'https://codes.wmo.int/wmdr/TerritoryName/LCA','https://codes.wmo.int/wmdr/TerritoryName','Saint Lucia','Saint Lucia','LCA',NULL,'[{"type": "text/html", "rel": "canonical", "href": "https://codes.wmo.int/wmdr/TerritoryName/LCA"}]',1,'2023-08-17T08:05:34.957392','x-opencdms:admin:user:1','x-opencdms:reference_data:status:1','First automated ingest from codes.wmo.int. Data download on _change_date.'
'https://codes.wmo.int/wmdr/TerritoryName/LIE','https://codes.wmo.int/wmdr/TerritoryName','Liechtenstein','Liechtenstein','LIE',NULL,'[{"type": "text/html", "rel": "canonical", "href": "https://codes.wmo.int/wmdr/TerritoryName/LIE"}]',1,'2023-08-17T08:05:34.957392','x-opencdms:admin:user:1','x-opencdms:reference_data:status:1','First automated ingest from codes.wmo.int. Data download on _change_date.'
'https://codes.wmo.int/wmdr/TerritoryName/LKA','https://codes.wmo.int/wmdr/TerritoryName','Sri Lanka','Sri Lanka','LKA',NULL,'[{"type": "text/html", "rel": "canonical", "href": "https://codes.wmo.int/wmdr/TerritoryName/LKA"}]',1,'2023-08-17T08:05:34.957392','x-opencdms:admin:user:1','x-opencdms:reference_data:status:1','First automated ingest from codes.wmo.int. Data download on _change_date.'
'https://codes.wmo.int/wmdr/TerritoryName/LSO','https://codes.wmo.int/wmdr/TerritoryName','Lesotho','Lesotho','LSO',NULL,'[{"type": "text/html", "rel": "canonical", "href": "https://codes.wmo.int/wmdr/TerritoryName/LSO"}]',1,'2023-08-17T08:05:34.957392','x-opencdms:admin:user:1','x-opencdms:reference_data:status:1','First automated ingest from codes.wmo.int. Data download on _change_date.'
'https://codes.wmo.int/wmdr/TerritoryName/LTU','https://codes.wmo.int/wmdr/TerritoryName','Lithuania','Lithuania','LTU',NULL,'[{"type": "text/html", "rel": "canonical", "href": "https://codes.wmo.int/wmdr/TerritoryName/LTU"}]',1,'2023-08-17T08:05:34.957392','x-opencdms:admin:user:1','x-opencdms:reference_data:status:1','First automated ingest from codes.wmo.int. Data download on _change_date.'
'https://codes.wmo.int/wmdr/TerritoryName/LUX','https://codes.wmo.int/wmdr/TerritoryName','Luxembourg','Luxembourg','LUX',NULL,'[{"type": "text/html", "rel": "canonical", "href": "https://codes.wmo.int/wmdr/TerritoryName/LUX"}]',1,'2023-08-17T08:05:34.957392','x-opencdms:admin:user:1','x-opencdms:reference_data:status:1','First automated ingest from codes.wmo.int. Data download on _change_date.'
'https://codes.wmo.int/wmdr/TerritoryName/LVA','https://codes.wmo.int/wmdr/TerritoryName','Latvia','Latvia','LVA',NULL,'[{"type": "text/html", "rel": "canonical", "href": "https://codes.wmo.int/wmdr/TerritoryName/LVA"}]',1,'2023-08-17T08:05:34.957392','x-opencdms:admin:user:1','x-opencdms:reference_data:status:1','First automated ingest from codes.wmo.int. Data download on _change_date.'
'https://codes.wmo.int/wmdr/TerritoryName/MAC','https://codes.wmo.int/wmdr/TerritoryName','Macao, China','Macao, China','MAC',NULL,'[{"type": "text/html", "rel": "canonical", "href": "https://codes.wmo.int/wmdr/TerritoryName/MAC"}]',1,'2023-08-17T08:05:34.957392','x-opencdms:admin:user:1','x-opencdms:reference_data:status:1','First automated ingest from codes.wmo.int. Data download on _change_date.'
'https://codes.wmo.int/wmdr/TerritoryName/MAR','https://codes.wmo.int/wmdr/TerritoryName','Morocco','Morocco','MAR',NULL,'[{"type": "text/html", "rel": "canonical", "href": "https://codes.wmo.int/wmdr/TerritoryName/MAR"}]',1,'2023-08-17T08:05:34.957392','x-opencdms:admin:user:1','x-opencdms:reference_data:status:1','First automated ingest from codes.wmo.int. Data download on _change_date.'
'https://codes.wmo.int/wmdr/TerritoryName/MCO','https://codes.wmo.int/wmdr/TerritoryName','Monaco','Monaco','MCO',NULL,'[{"type": "text/html", "rel": "canonical", "href": "https://codes.wmo.int/wmdr/TerritoryName/MCO"}]',1,'2023-08-17T08:05:34.957392','x-opencdms:admin:user:1','x-opencdms:reference_data:status:1','First automated ingest from codes.wmo.int. Data download on _change_date.'
'https://codes.wmo.int/wmdr/TerritoryName/MDA','https://codes.wmo.int/wmdr/TerritoryName','Moldova, Republic of','Moldova, Republic of','MDA',NULL,'[{"type": "text/html", "rel": "canonical", "href": "https://codes.wmo.int/wmdr/TerritoryName/MDA"}]',1,'2023-08-17T08:05:34.957392','x-opencdms:admin:user:1','x-opencdms:reference_data:status:1','First automated ingest from codes.wmo.int. Data download on _change_date.'
'https://codes.wmo.int/wmdr/TerritoryName/MDG','https://codes.wmo.int/wmdr/TerritoryName','Madagascar','Madagascar','MDG',NULL,'[{"type": "text/html", "rel": "canonical", "href": "https://codes.wmo.int/wmdr/TerritoryName/MDG"}]',1,'2023-08-17T08:05:34.957392','x-opencdms:admin:user:1','x-opencdms:reference_data:status:1','First automated ingest from codes.wmo.int. Data download on _change_date.'
'https://codes.wmo.int/wmdr/TerritoryName/MDV','https://codes.wmo.int/wmdr/TerritoryName','Maldives','Maldives','MDV',NULL,'[{"type": "text/html", "rel": "canonical", "href": "https://codes.wmo.int/wmdr/TerritoryName/MDV"}]',1,'2023-08-17T08:05:34.957392','x-opencdms:admin:user:1','x-opencdms:reference_data:status:1','First automated ingest from codes.wmo.int. Data download on _change_date.'
'https://codes.wmo.int/wmdr/TerritoryName/MEX','https://codes.wmo.int/wmdr/TerritoryName','Mexico','Mexico','MEX',NULL,'[{"type": "text/html", "rel": "canonical", "href": "https://codes.wmo.int/wmdr/TerritoryName/MEX"}]',1,'2023-08-17T08:05:34.957392','x-opencdms:admin:user:1','x-opencdms:reference_data:status:1','First automated ingest from codes.wmo.int. Data download on _change_date.'
'https://codes.wmo.int/wmdr/TerritoryName/MHL','https://codes.wmo.int/wmdr/TerritoryName','Marshall Islands','Marshall Islands','MHL',NULL,'[{"type": "text/html", "rel": "canonical", "href": "https://codes.wmo.int/wmdr/TerritoryName/MHL"}]',1,'2023-08-17T08:05:34.957392','x-opencdms:admin:user:1','x-opencdms:reference_data:status:1','First automated ingest from codes.wmo.int. Data download on _change_date.'
'https://codes.wmo.int/wmdr/TerritoryName/MKD','https://codes.wmo.int/wmdr/TerritoryName','Macedonia, the former Yugoslav Republic of','Macedonia, the former Yugoslav Republic of','MKD',NULL,'[{"type": "text/html", "rel": "canonical", "href": "https://codes.wmo.int/wmdr/TerritoryName/MKD"}]',1,'2023-08-17T08:05:34.957392','x-opencdms:admin:user:1','x-opencdms:reference_data:status:1','First automated ingest from codes.wmo.int. Data download on _change_date.'
'https://codes.wmo.int/wmdr/TerritoryName/MLI','https://codes.wmo.int/wmdr/TerritoryName','Mali','Mali','MLI',NULL,'[{"type": "text/html", "rel": "canonical", "href": "https://codes.wmo.int/wmdr/TerritoryName/MLI"}]',1,'2023-08-17T08:05:34.957392','x-opencdms:admin:user:1','x-opencdms:reference_data:status:1','First automated ingest from codes.wmo.int. Data download on _change_date.'
'https://codes.wmo.int/wmdr/TerritoryName/MLT','https://codes.wmo.int/wmdr/TerritoryName','Malta','Malta','MLT',NULL,'[{"type": "text/html", "rel": "canonical", "href": "https://codes.wmo.int/wmdr/TerritoryName/MLT"}]',1,'2023-08-17T08:05:34.957392','x-opencdms:admin:user:1','x-opencdms:reference_data:status:1','First automated ingest from codes.wmo.int. Data download on _change_date.'
'https://codes.wmo.int/wmdr/TerritoryName/MMR','https://codes.wmo.int/wmdr/TerritoryName','Myanmar','Myanmar','MMR',NULL,'[{"type": "text/html", "rel": "canonical", "href": "https://codes.wmo.int/wmdr/TerritoryName/MMR"}]',1,'2023-08-17T08:05:34.957392','x-opencdms:admin:user:1','x-opencdms:reference_data:status:1','First automated ingest from codes.wmo.int. Data download on _change_date.'
'https://codes.wmo.int/wmdr/TerritoryName/MNE','https://codes.wmo.int/wmdr/TerritoryName','Montenegro','Montenegro','MNE',NULL,'[{"type": "text/html", "rel": "canonical", "href": "https://codes.wmo.int/wmdr/TerritoryName/MNE"}]',1,'2023-08-17T08:05:34.957392','x-opencdms:admin:user:1','x-opencdms:reference_data:status:1','First automated ingest from codes.wmo.int. Data download on _change_date.'
'https://codes.wmo.int/wmdr/TerritoryName/MNG','https://codes.wmo.int/wmdr/TerritoryName','Mongolia','Mongolia','MNG',NULL,'[{"type": "text/html", "rel": "canonical", "href": "https://codes.wmo.int/wmdr/TerritoryName/MNG"}]',1,'2023-08-17T08:05:34.957392','x-opencdms:admin:user:1','x-opencdms:reference_data:status:1','First automated ingest from codes.wmo.int. Data download on _change_date.'
'https://codes.wmo.int/wmdr/TerritoryName/MOZ','https://codes.wmo.int/wmdr/TerritoryName','Mozambique','Mozambique','MOZ',NULL,'[{"type": "text/html", "rel": "canonical", "href": "https://codes.wmo.int/wmdr/TerritoryName/MOZ"}]',1,'2023-08-17T08:05:34.957392','x-opencdms:admin:user:1','x-opencdms:reference_data:status:1','First automated ingest from codes.wmo.int. Data download on _change_date.'
'https://codes.wmo.int/wmdr/TerritoryName/MRT','https://codes.wmo.int/wmdr/TerritoryName','Mauritania','Mauritania','MRT',NULL,'[{"type": "text/html", "rel": "canonical", "href": "https://codes.wmo.int/wmdr/TerritoryName/MRT"}]',1,'2023-08-17T08:05:34.957392','x-opencdms:admin:user:1','x-opencdms:reference_data:status:1','First automated ingest from codes.wmo.int. Data download on _change_date.'
'https://codes.wmo.int/wmdr/TerritoryName/MSR','https://codes.wmo.int/wmdr/TerritoryName','Montserrat','Montserrat','MSR',NULL,'[{"type": "text/html", "rel": "canonical", "href": "https://codes.wmo.int/wmdr/TerritoryName/MSR"}]',1,'2023-08-17T08:05:34.957392','x-opencdms:admin:user:1','x-opencdms:reference_data:status:1','First automated ingest from codes.wmo.int. Data download on _change_date.'
'https://codes.wmo.int/wmdr/TerritoryName/MUS','https://codes.wmo.int/wmdr/TerritoryName','Mauritius','Mauritius','MUS',NULL,'[{"type": "text/html", "rel": "canonical", "href": "https://codes.wmo.int/wmdr/TerritoryName/MUS"}]',1,'2023-08-17T08:05:34.957392','x-opencdms:admin:user:1','x-opencdms:reference_data:status:1','First automated ingest from codes.wmo.int. Data download on _change_date.'
'https://codes.wmo.int/wmdr/TerritoryName/MWI','https://codes.wmo.int/wmdr/TerritoryName','Malawi','Malawi','MWI',NULL,'[{"type": "text/html", "rel": "canonical", "href": "https://codes.wmo.int/wmdr/TerritoryName/MWI"}]',1,'2023-08-17T08:05:34.957392','x-opencdms:admin:user:1','x-opencdms:reference_data:status:1','First automated ingest from codes.wmo.int. Data download on _change_date.'
'https://codes.wmo.int/wmdr/TerritoryName/MYS','https://codes.wmo.int/wmdr/TerritoryName','Malaysia','Malaysia','MYS',NULL,'[{"type": "text/html", "rel": "canonical", "href": "https://codes.wmo.int/wmdr/TerritoryName/MYS"}]',1,'2023-08-17T08:05:34.957392','x-opencdms:admin:user:1','x-opencdms:reference_data:status:1','First automated ingest from codes.wmo.int. Data download on _change_date.'
'https://codes.wmo.int/wmdr/TerritoryName/NAM','https://codes.wmo.int/wmdr/TerritoryName','Namibia','Namibia','NAM',NULL,'[{"type": "text/html", "rel": "canonical", "href": "https://codes.wmo.int/wmdr/TerritoryName/NAM"}]',1,'2023-08-17T08:05:34.957392','x-opencdms:admin:user:1','x-opencdms:reference_data:status:1','First automated ingest from codes.wmo.int. Data download on _change_date.'
'https://codes.wmo.int/wmdr/TerritoryName/NCL','https://codes.wmo.int/wmdr/TerritoryName','New Caledonia','New Caledonia','NCL',NULL,'[{"type": "text/html", "rel": "canonical", "href": "https://codes.wmo.int/wmdr/TerritoryName/NCL"}]',1,'2023-08-17T08:05:34.957392','x-opencdms:admin:user:1','x-opencdms:reference_data:status:1','First automated ingest from codes.wmo.int. Data download on _change_date.'
'https://codes.wmo.int/wmdr/TerritoryName/NER','https://codes.wmo.int/wmdr/TerritoryName','Niger','Niger','NER',NULL,'[{"type": "text/html", "rel": "canonical", "href": "https://codes.wmo.int/wmdr/TerritoryName/NER"}]',1,'2023-08-17T08:05:34.957392','x-opencdms:admin:user:1','x-opencdms:reference_data:status:1','First automated ingest from codes.wmo.int. Data download on _change_date.'
'https://codes.wmo.int/wmdr/TerritoryName/NGA','https://codes.wmo.int/wmdr/TerritoryName','Nigeria','Nigeria','NGA',NULL,'[{"type": "text/html", "rel": "canonical", "href": "https://codes.wmo.int/wmdr/TerritoryName/NGA"}]',1,'2023-08-17T08:05:34.957392','x-opencdms:admin:user:1','x-opencdms:reference_data:status:1','First automated ingest from codes.wmo.int. Data download on _change_date.'
'https://codes.wmo.int/wmdr/TerritoryName/NIC','https://codes.wmo.int/wmdr/TerritoryName','Nicaragua','Nicaragua','NIC',NULL,'[{"type": "text/html", "rel": "canonical", "href": "https://codes.wmo.int/wmdr/TerritoryName/NIC"}]',1,'2023-08-17T08:05:34.957392','x-opencdms:admin:user:1','x-opencdms:reference_data:status:1','First automated ingest from codes.wmo.int. Data download on _change_date.'
'https://codes.wmo.int/wmdr/TerritoryName/NIU','https://codes.wmo.int/wmdr/TerritoryName','Niue','Niue','NIU',NULL,'[{"type": "text/html", "rel": "canonical", "href": "https://codes.wmo.int/wmdr/TerritoryName/NIU"}]',1,'2023-08-17T08:05:34.957392','x-opencdms:admin:user:1','x-opencdms:reference_data:status:1','First automated ingest from codes.wmo.int. Data download on _change_date.'
'https://codes.wmo.int/wmdr/TerritoryName/NLD','https://codes.wmo.int/wmdr/TerritoryName','Netherlands','Netherlands','NLD',NULL,'[{"type": "text/html", "rel": "canonical", "href": "https://codes.wmo.int/wmdr/TerritoryName/NLD"}]',1,'2023-08-17T08:05:34.957392','x-opencdms:admin:user:1','x-opencdms:reference_data:status:1','First automated ingest from codes.wmo.int. Data download on _change_date.'
'https://codes.wmo.int/wmdr/TerritoryName/NOR','https://codes.wmo.int/wmdr/TerritoryName','Norway','Norway','NOR',NULL,'[{"type": "text/html", "rel": "canonical", "href": "https://codes.wmo.int/wmdr/TerritoryName/NOR"}]',1,'2023-08-17T08:05:34.957392','x-opencdms:admin:user:1','x-opencdms:reference_data:status:1','First automated ingest from codes.wmo.int. Data download on _change_date.'
'https://codes.wmo.int/wmdr/TerritoryName/NPL','https://codes.wmo.int/wmdr/TerritoryName','Nepal','Nepal','NPL',NULL,'[{"type": "text/html", "rel": "canonical", "href": "https://codes.wmo.int/wmdr/TerritoryName/NPL"}]',1,'2023-08-17T08:05:34.957392','x-opencdms:admin:user:1','x-opencdms:reference_data:status:1','First automated ingest from codes.wmo.int. Data download on _change_date.'
'https://codes.wmo.int/wmdr/TerritoryName/NRU','https://codes.wmo.int/wmdr/TerritoryName','Nauru','Nauru','NRU',NULL,'[{"type": "text/html", "rel": "canonical", "href": "https://codes.wmo.int/wmdr/TerritoryName/NRU"}]',1,'2023-08-17T08:05:34.957392','x-opencdms:admin:user:1','x-opencdms:reference_data:status:1','First automated ingest from codes.wmo.int. Data download on _change_date.'
'https://codes.wmo.int/wmdr/TerritoryName/NZL','https://codes.wmo.int/wmdr/TerritoryName','New Zealand','New Zealand','NZL',NULL,'[{"type": "text/html", "rel": "canonical", "href": "https://codes.wmo.int/wmdr/TerritoryName/NZL"}]',1,'2023-08-17T08:05:34.957392','x-opencdms:admin:user:1','x-opencdms:reference_data:status:1','First automated ingest from codes.wmo.int. Data download on _change_date.'
'https://codes.wmo.int/wmdr/TerritoryName/OMN','https://codes.wmo.int/wmdr/TerritoryName','Oman','Oman','OMN',NULL,'[{"type": "text/html", "rel": "canonical", "href": "https://codes.wmo.int/wmdr/TerritoryName/OMN"}]',1,'2023-08-17T08:05:34.957392','x-opencdms:admin:user:1','x-opencdms:reference_data:status:1','First automated ingest from codes.wmo.int. Data download on _change_date.'
'https://codes.wmo.int/wmdr/TerritoryName/PAK','https://codes.wmo.int/wmdr/TerritoryName','Pakistan','Pakistan','PAK',NULL,'[{"type": "text/html", "rel": "canonical", "href": "https://codes.wmo.int/wmdr/TerritoryName/PAK"}]',1,'2023-08-17T08:05:34.957392','x-opencdms:admin:user:1','x-opencdms:reference_data:status:1','First automated ingest from codes.wmo.int. Data download on _change_date.'
'https://codes.wmo.int/wmdr/TerritoryName/PAN','https://codes.wmo.int/wmdr/TerritoryName','Panama','Panama','PAN',NULL,'[{"type": "text/html", "rel": "canonical", "href": "https://codes.wmo.int/wmdr/TerritoryName/PAN"}]',1,'2023-08-17T08:05:34.957392','x-opencdms:admin:user:1','x-opencdms:reference_data:status:1','First automated ingest from codes.wmo.int. Data download on _change_date.'
'https://codes.wmo.int/wmdr/TerritoryName/PCN','https://codes.wmo.int/wmdr/TerritoryName','Pitcairn','Pitcairn','PCN',NULL,'[{"type": "text/html", "rel": "canonical", "href": "https://codes.wmo.int/wmdr/TerritoryName/PCN"}]',1,'2023-08-17T08:05:34.957392','x-opencdms:admin:user:1','x-opencdms:reference_data:status:1','First automated ingest from codes.wmo.int. Data download on _change_date.'
'https://codes.wmo.int/wmdr/TerritoryName/PER','https://codes.wmo.int/wmdr/TerritoryName','Peru','Peru','PER',NULL,'[{"type": "text/html", "rel": "canonical", "href": "https://codes.wmo.int/wmdr/TerritoryName/PER"}]',1,'2023-08-17T08:05:34.957392','x-opencdms:admin:user:1','x-opencdms:reference_data:status:1','First automated ingest from codes.wmo.int. Data download on _change_date.'
'https://codes.wmo.int/wmdr/TerritoryName/PHL','https://codes.wmo.int/wmdr/TerritoryName','Philippines','Philippines','PHL',NULL,'[{"type": "text/html", "rel": "canonical", "href": "https://codes.wmo.int/wmdr/TerritoryName/PHL"}]',1,'2023-08-17T08:05:34.957392','x-opencdms:admin:user:1','x-opencdms:reference_data:status:1','First automated ingest from codes.wmo.int. Data download on _change_date.'
'https://codes.wmo.int/wmdr/TerritoryName/PLW','https://codes.wmo.int/wmdr/TerritoryName','Palau','Palau','PLW',NULL,'[{"type": "text/html", "rel": "canonical", "href": "https://codes.wmo.int/wmdr/TerritoryName/PLW"}]',1,'2023-08-17T08:05:34.957392','x-opencdms:admin:user:1','x-opencdms:reference_data:status:1','First automated ingest from codes.wmo.int. Data download on _change_date.'
'https://codes.wmo.int/wmdr/TerritoryName/PNG','https://codes.wmo.int/wmdr/TerritoryName','Papua New Guinea','Papua New Guinea','PNG',NULL,'[{"type": "text/html", "rel": "canonical", "href": "https://codes.wmo.int/wmdr/TerritoryName/PNG"}]',1,'2023-08-17T08:05:34.957392','x-opencdms:admin:user:1','x-opencdms:reference_data:status:1','First automated ingest from codes.wmo.int. Data download on _change_date.'
'https://codes.wmo.int/wmdr/TerritoryName/POL','https://codes.wmo.int/wmdr/TerritoryName','Poland','Poland','POL',NULL,'[{"type": "text/html", "rel": "canonical", "href": "https://codes.wmo.int/wmdr/TerritoryName/POL"}]',1,'2023-08-17T08:05:34.957392','x-opencdms:admin:user:1','x-opencdms:reference_data:status:1','First automated ingest from codes.wmo.int. Data download on _change_date.'
'https://codes.wmo.int/wmdr/TerritoryName/PRI','https://codes.wmo.int/wmdr/TerritoryName','Puerto Rico','Puerto Rico','PRI',NULL,'[{"type": "text/html", "rel": "canonical", "href": "https://codes.wmo.int/wmdr/TerritoryName/PRI"}]',1,'2023-08-17T08:05:34.957392','x-opencdms:admin:user:1','x-opencdms:reference_data:status:1','First automated ingest from codes.wmo.int. Data download on _change_date.'
'https://codes.wmo.int/wmdr/TerritoryName/PRK','https://codes.wmo.int/wmdr/TerritoryName','Korea, Democratic Peoples Republic of','Korea, Democratic People\''s Republic of','PRK',NULL,'[{"type": "text/html", "rel": "canonical", "href": "https://codes.wmo.int/wmdr/TerritoryName/PRK"}]',1,'2023-08-17T08:05:34.957392','x-opencdms:admin:user:1','x-opencdms:reference_data:status:1','First automated ingest from codes.wmo.int. Data download on _change_date.'
'https://codes.wmo.int/wmdr/TerritoryName/PRT','https://codes.wmo.int/wmdr/TerritoryName','Portugal','Portugal','PRT',NULL,'[{"type": "text/html", "rel": "canonical", "href": "https://codes.wmo.int/wmdr/TerritoryName/PRT"}]',1,'2023-08-17T08:05:34.957392','x-opencdms:admin:user:1','x-opencdms:reference_data:status:1','First automated ingest from codes.wmo.int. Data download on _change_date.'
'https://codes.wmo.int/wmdr/TerritoryName/PRY','https://codes.wmo.int/wmdr/TerritoryName','Paraguay','Paraguay','PRY',NULL,'[{"type": "text/html", "rel": "canonical", "href": "https://codes.wmo.int/wmdr/TerritoryName/PRY"}]',1,'2023-08-17T08:05:34.957392','x-opencdms:admin:user:1','x-opencdms:reference_data:status:1','First automated ingest from codes.wmo.int. Data download on _change_date.'
'https://codes.wmo.int/wmdr/TerritoryName/PSE','https://codes.wmo.int/wmdr/TerritoryName','Palestine, State of','Palestine, State of','PSE',NULL,'[{"type": "text/html", "rel": "canonical", "href": "https://codes.wmo.int/wmdr/TerritoryName/PSE"}]',1,'2023-08-17T08:05:34.957392','x-opencdms:admin:user:1','x-opencdms:reference_data:status:1','First automated ingest from codes.wmo.int. Data download on _change_date.'
'https://codes.wmo.int/wmdr/TerritoryName/PYF','https://codes.wmo.int/wmdr/TerritoryName','French Polynesia','French Polynesia','PYF',NULL,'[{"type": "text/html", "rel": "canonical", "href": "https://codes.wmo.int/wmdr/TerritoryName/PYF"}]',1,'2023-08-17T08:05:34.957392','x-opencdms:admin:user:1','x-opencdms:reference_data:status:1','First automated ingest from codes.wmo.int. Data download on _change_date.'
'https://codes.wmo.int/wmdr/TerritoryName/QAT','https://codes.wmo.int/wmdr/TerritoryName','Qatar','Qatar','QAT',NULL,'[{"type": "text/html", "rel": "canonical", "href": "https://codes.wmo.int/wmdr/TerritoryName/QAT"}]',1,'2023-08-17T08:05:34.957392','x-opencdms:admin:user:1','x-opencdms:reference_data:status:1','First automated ingest from codes.wmo.int. Data download on _change_date.'
'https://codes.wmo.int/wmdr/TerritoryName/ROU','https://codes.wmo.int/wmdr/TerritoryName','Romania','Romania','ROU',NULL,'[{"type": "text/html", "rel": "canonical", "href": "https://codes.wmo.int/wmdr/TerritoryName/ROU"}]',1,'2023-08-17T08:05:34.957392','x-opencdms:admin:user:1','x-opencdms:reference_data:status:1','First automated ingest from codes.wmo.int. Data download on _change_date.'
'https://codes.wmo.int/wmdr/TerritoryName/RUS','https://codes.wmo.int/wmdr/TerritoryName','Russian Federation','Russian Federation','RUS',NULL,'[{"type": "text/html", "rel": "canonical", "href": "https://codes.wmo.int/wmdr/TerritoryName/RUS"}]',1,'2023-08-17T08:05:34.957392','x-opencdms:admin:user:1','x-opencdms:reference_data:status:1','First automated ingest from codes.wmo.int. Data download on _change_date.'
'https://codes.wmo.int/wmdr/TerritoryName/RWA','https://codes.wmo.int/wmdr/TerritoryName','Rwanda','Rwanda','RWA',NULL,'[{"type": "text/html", "rel": "canonical", "href": "https://codes.wmo.int/wmdr/TerritoryName/RWA"}]',1,'2023-08-17T08:05:34.957392','x-opencdms:admin:user:1','x-opencdms:reference_data:status:1','First automated ingest from codes.wmo.int. Data download on _change_date.'
'https://codes.wmo.int/wmdr/TerritoryName/SAU','https://codes.wmo.int/wmdr/TerritoryName','Saudi Arabia','Saudi Arabia','SAU',NULL,'[{"type": "text/html", "rel": "canonical", "href": "https://codes.wmo.int/wmdr/TerritoryName/SAU"}]',1,'2023-08-17T08:05:34.957392','x-opencdms:admin:user:1','x-opencdms:reference_data:status:1','First automated ingest from codes.wmo.int. Data download on _change_date.'
'https://codes.wmo.int/wmdr/TerritoryName/SDN','https://codes.wmo.int/wmdr/TerritoryName','Sudan','Sudan','SDN',NULL,'[{"type": "text/html", "rel": "canonical", "href": "https://codes.wmo.int/wmdr/TerritoryName/SDN"}]',1,'2023-08-17T08:05:34.957392','x-opencdms:admin:user:1','x-opencdms:reference_data:status:1','First automated ingest from codes.wmo.int. Data download on _change_date.'
'https://codes.wmo.int/wmdr/TerritoryName/SEN','https://codes.wmo.int/wmdr/TerritoryName','Senegal','Senegal','SEN',NULL,'[{"type": "text/html", "rel": "canonical", "href": "https://codes.wmo.int/wmdr/TerritoryName/SEN"}]',1,'2023-08-17T08:05:34.957392','x-opencdms:admin:user:1','x-opencdms:reference_data:status:1','First automated ingest from codes.wmo.int. Data download on _change_date.'
'https://codes.wmo.int/wmdr/TerritoryName/SGP','https://codes.wmo.int/wmdr/TerritoryName','Singapore','Singapore','SGP',NULL,'[{"type": "text/html", "rel": "canonical", "href": "https://codes.wmo.int/wmdr/TerritoryName/SGP"}]',1,'2023-08-17T08:05:34.957392','x-opencdms:admin:user:1','x-opencdms:reference_data:status:1','First automated ingest from codes.wmo.int. Data download on _change_date.'
'https://codes.wmo.int/wmdr/TerritoryName/SGS','https://codes.wmo.int/wmdr/TerritoryName','South Georgia and the South Sandwich Islands','South Georgia and the South Sandwich Islands','SGS',NULL,'[{"type": "text/html", "rel": "canonical", "href": "https://codes.wmo.int/wmdr/TerritoryName/SGS"}]',1,'2023-08-17T08:05:34.957392','x-opencdms:admin:user:1','x-opencdms:reference_data:status:1','First automated ingest from codes.wmo.int. Data download on _change_date.'
'https://codes.wmo.int/wmdr/TerritoryName/SHN','https://codes.wmo.int/wmdr/TerritoryName','Saint Helena','Saint Helena','SHN',NULL,'[{"type": "text/html", "rel": "canonical", "href": "https://codes.wmo.int/wmdr/TerritoryName/SHN"}]',1,'2023-08-17T08:05:34.957392','x-opencdms:admin:user:1','x-opencdms:reference_data:status:1','First automated ingest from codes.wmo.int. Data download on _change_date.'
'https://codes.wmo.int/wmdr/TerritoryName/SLB','https://codes.wmo.int/wmdr/TerritoryName','Solomon Islands','Solomon Islands','SLB',NULL,'[{"type": "text/html", "rel": "canonical", "href": "https://codes.wmo.int/wmdr/TerritoryName/SLB"}]',1,'2023-08-17T08:05:34.957392','x-opencdms:admin:user:1','x-opencdms:reference_data:status:1','First automated ingest from codes.wmo.int. Data download on _change_date.'
'https://codes.wmo.int/wmdr/TerritoryName/SLE','https://codes.wmo.int/wmdr/TerritoryName','Sierra Leone','Sierra Leone','SLE',NULL,'[{"type": "text/html", "rel": "canonical", "href": "https://codes.wmo.int/wmdr/TerritoryName/SLE"}]',1,'2023-08-17T08:05:34.957392','x-opencdms:admin:user:1','x-opencdms:reference_data:status:1','First automated ingest from codes.wmo.int. Data download on _change_date.'
'https://codes.wmo.int/wmdr/TerritoryName/SLV','https://codes.wmo.int/wmdr/TerritoryName','El Salvador','El Salvador','SLV',NULL,'[{"type": "text/html", "rel": "canonical", "href": "https://codes.wmo.int/wmdr/TerritoryName/SLV"}]',1,'2023-08-17T08:05:34.957392','x-opencdms:admin:user:1','x-opencdms:reference_data:status:1','First automated ingest from codes.wmo.int. Data download on _change_date.'
'https://codes.wmo.int/wmdr/TerritoryName/SOM','https://codes.wmo.int/wmdr/TerritoryName','Somalia','Somalia','SOM',NULL,'[{"type": "text/html", "rel": "canonical", "href": "https://codes.wmo.int/wmdr/TerritoryName/SOM"}]',1,'2023-08-17T08:05:34.957392','x-opencdms:admin:user:1','x-opencdms:reference_data:status:1','First automated ingest from codes.wmo.int. Data download on _change_date.'
'https://codes.wmo.int/wmdr/TerritoryName/SPM','https://codes.wmo.int/wmdr/TerritoryName','Saint Pierre and Miquelon','Saint Pierre and Miquelon','SPM',NULL,'[{"type": "text/html", "rel": "canonical", "href": "https://codes.wmo.int/wmdr/TerritoryName/SPM"}]',1,'2023-08-17T08:05:34.957392','x-opencdms:admin:user:1','x-opencdms:reference_data:status:1','First automated ingest from codes.wmo.int. Data download on _change_date.'
'https://codes.wmo.int/wmdr/TerritoryName/SRB','https://codes.wmo.int/wmdr/TerritoryName','Serbia','Serbia','SRB',NULL,'[{"type": "text/html", "rel": "canonical", "href": "https://codes.wmo.int/wmdr/TerritoryName/SRB"}]',1,'2023-08-17T08:05:34.957392','x-opencdms:admin:user:1','x-opencdms:reference_data:status:1','First automated ingest from codes.wmo.int. Data download on _change_date.'
'https://codes.wmo.int/wmdr/TerritoryName/SSD','https://codes.wmo.int/wmdr/TerritoryName','South Sudan','South Sudan','SSD',NULL,'[{"type": "text/html", "rel": "canonical", "href": "https://codes.wmo.int/wmdr/TerritoryName/SSD"}]',1,'2023-08-17T08:05:34.957392','x-opencdms:admin:user:1','x-opencdms:reference_data:status:1','First automated ingest from codes.wmo.int. Data download on _change_date.'
'https://codes.wmo.int/wmdr/TerritoryName/STP','https://codes.wmo.int/wmdr/TerritoryName','Sao Tome and Principe','Sao Tome and Principe','STP',NULL,'[{"type": "text/html", "rel": "canonical", "href": "https://codes.wmo.int/wmdr/TerritoryName/STP"}]',1,'2023-08-17T08:05:34.957392','x-opencdms:admin:user:1','x-opencdms:reference_data:status:1','First automated ingest from codes.wmo.int. Data download on _change_date.'
'https://codes.wmo.int/wmdr/TerritoryName/SUR','https://codes.wmo.int/wmdr/TerritoryName','Suriname','Suriname','SUR',NULL,'[{"type": "text/html", "rel": "canonical", "href": "https://codes.wmo.int/wmdr/TerritoryName/SUR"}]',1,'2023-08-17T08:05:34.957392','x-opencdms:admin:user:1','x-opencdms:reference_data:status:1','First automated ingest from codes.wmo.int. Data download on _change_date.'
'https://codes.wmo.int/wmdr/TerritoryName/SVK','https://codes.wmo.int/wmdr/TerritoryName','Slovakia','Slovakia','SVK',NULL,'[{"type": "text/html", "rel": "canonical", "href": "https://codes.wmo.int/wmdr/TerritoryName/SVK"}]',1,'2023-08-17T08:05:34.957392','x-opencdms:admin:user:1','x-opencdms:reference_data:status:1','First automated ingest from codes.wmo.int. Data download on _change_date.'
'https://codes.wmo.int/wmdr/TerritoryName/SVN','https://codes.wmo.int/wmdr/TerritoryName','Slovenia','Slovenia','SVN',NULL,'[{"type": "text/html", "rel": "canonical", "href": "https://codes.wmo.int/wmdr/TerritoryName/SVN"}]',1,'2023-08-17T08:05:34.957392','x-opencdms:admin:user:1','x-opencdms:reference_data:status:1','First automated ingest from codes.wmo.int. Data download on _change_date.'
'https://codes.wmo.int/wmdr/TerritoryName/SWE','https://codes.wmo.int/wmdr/TerritoryName','Sweden','Sweden','SWE',NULL,'[{"type": "text/html", "rel": "canonical", "href": "https://codes.wmo.int/wmdr/TerritoryName/SWE"}]',1,'2023-08-17T08:05:34.957392','x-opencdms:admin:user:1','x-opencdms:reference_data:status:1','First automated ingest from codes.wmo.int. Data download on _change_date.'
'https://codes.wmo.int/wmdr/TerritoryName/SWZ','https://codes.wmo.int/wmdr/TerritoryName','Eswatini','Eswatini','SWZ',NULL,'[{"type": "text/html", "rel": "canonical", "href": "https://codes.wmo.int/wmdr/TerritoryName/SWZ"}]',1,'2023-08-17T08:05:34.957392','x-opencdms:admin:user:1','x-opencdms:reference_data:status:1','First automated ingest from codes.wmo.int. Data download on _change_date.'
'https://codes.wmo.int/wmdr/TerritoryName/SXM','https://codes.wmo.int/wmdr/TerritoryName','Sint Maarten','Sint Maarten','SXM',NULL,'[{"type": "text/html", "rel": "canonical", "href": "https://codes.wmo.int/wmdr/TerritoryName/SXM"}]',1,'2023-08-17T08:05:34.957392','x-opencdms:admin:user:1','x-opencdms:reference_data:status:1','First automated ingest from codes.wmo.int. Data download on _change_date.'
'https://codes.wmo.int/wmdr/TerritoryName/SYC','https://codes.wmo.int/wmdr/TerritoryName','Seychelles','Seychelles','SYC',NULL,'[{"type": "text/html", "rel": "canonical", "href": "https://codes.wmo.int/wmdr/TerritoryName/SYC"}]',1,'2023-08-17T08:05:34.957392','x-opencdms:admin:user:1','x-opencdms:reference_data:status:1','First automated ingest from codes.wmo.int. Data download on _change_date.'
'https://codes.wmo.int/wmdr/TerritoryName/SYR','https://codes.wmo.int/wmdr/TerritoryName','Syrian Arab Republic','Syrian Arab Republic','SYR',NULL,'[{"type": "text/html", "rel": "canonical", "href": "https://codes.wmo.int/wmdr/TerritoryName/SYR"}]',1,'2023-08-17T08:05:34.957392','x-opencdms:admin:user:1','x-opencdms:reference_data:status:1','First automated ingest from codes.wmo.int. Data download on _change_date.'
'https://codes.wmo.int/wmdr/TerritoryName/TCA','https://codes.wmo.int/wmdr/TerritoryName','Turks and Caicos Islands','Turks and Caicos Islands','TCA',NULL,'[{"type": "text/html", "rel": "canonical", "href": "https://codes.wmo.int/wmdr/TerritoryName/TCA"}]',1,'2023-08-17T08:05:34.957392','x-opencdms:admin:user:1','x-opencdms:reference_data:status:1','First automated ingest from codes.wmo.int. Data download on _change_date.'
'https://codes.wmo.int/wmdr/TerritoryName/TCD','https://codes.wmo.int/wmdr/TerritoryName','Chad','Chad','TCD',NULL,'[{"type": "text/html", "rel": "canonical", "href": "https://codes.wmo.int/wmdr/TerritoryName/TCD"}]',1,'2023-08-17T08:05:34.957392','x-opencdms:admin:user:1','x-opencdms:reference_data:status:1','First automated ingest from codes.wmo.int. Data download on _change_date.'
'https://codes.wmo.int/wmdr/TerritoryName/TGO','https://codes.wmo.int/wmdr/TerritoryName','Togo','Togo','TGO',NULL,'[{"type": "text/html", "rel": "canonical", "href": "https://codes.wmo.int/wmdr/TerritoryName/TGO"}]',1,'2023-08-17T08:05:34.957392','x-opencdms:admin:user:1','x-opencdms:reference_data:status:1','First automated ingest from codes.wmo.int. Data download on _change_date.'
'https://codes.wmo.int/wmdr/TerritoryName/THA','https://codes.wmo.int/wmdr/TerritoryName','Thailand','Thailand','THA',NULL,'[{"type": "text/html", "rel": "canonical", "href": "https://codes.wmo.int/wmdr/TerritoryName/THA"}]',1,'2023-08-17T08:05:34.957392','x-opencdms:admin:user:1','x-opencdms:reference_data:status:1','First automated ingest from codes.wmo.int. Data download on _change_date.'
'https://codes.wmo.int/wmdr/TerritoryName/TJK','https://codes.wmo.int/wmdr/TerritoryName','Tajikistan','Tajikistan','TJK',NULL,'[{"type": "text/html", "rel": "canonical", "href": "https://codes.wmo.int/wmdr/TerritoryName/TJK"}]',1,'2023-08-17T08:05:34.957392','x-opencdms:admin:user:1','x-opencdms:reference_data:status:1','First automated ingest from codes.wmo.int. Data download on _change_date.'
'https://codes.wmo.int/wmdr/TerritoryName/TKL','https://codes.wmo.int/wmdr/TerritoryName','Tokelau','Tokelau','TKL',NULL,'[{"type": "text/html", "rel": "canonical", "href": "https://codes.wmo.int/wmdr/TerritoryName/TKL"}]',1,'2023-08-17T08:05:34.957392','x-opencdms:admin:user:1','x-opencdms:reference_data:status:1','First automated ingest from codes.wmo.int. Data download on _change_date.'
'https://codes.wmo.int/wmdr/TerritoryName/TKM','https://codes.wmo.int/wmdr/TerritoryName','Turkmenistan','Turkmenistan','TKM',NULL,'[{"type": "text/html", "rel": "canonical", "href": "https://codes.wmo.int/wmdr/TerritoryName/TKM"}]',1,'2023-08-17T08:05:34.957392','x-opencdms:admin:user:1','x-opencdms:reference_data:status:1','First automated ingest from codes.wmo.int. Data download on _change_date.'
'https://codes.wmo.int/wmdr/TerritoryName/TLS','https://codes.wmo.int/wmdr/TerritoryName','Timor-Leste','Timor-Leste','TLS',NULL,'[{"type": "text/html", "rel": "canonical", "href": "https://codes.wmo.int/wmdr/TerritoryName/TLS"}]',1,'2023-08-17T08:05:34.957392','x-opencdms:admin:user:1','x-opencdms:reference_data:status:1','First automated ingest from codes.wmo.int. Data download on _change_date.'
'https://codes.wmo.int/wmdr/TerritoryName/TON','https://codes.wmo.int/wmdr/TerritoryName','Tonga','Tonga','TON',NULL,'[{"type": "text/html", "rel": "canonical", "href": "https://codes.wmo.int/wmdr/TerritoryName/TON"}]',1,'2023-08-17T08:05:34.957392','x-opencdms:admin:user:1','x-opencdms:reference_data:status:1','First automated ingest from codes.wmo.int. Data download on _change_date.'
'https://codes.wmo.int/wmdr/TerritoryName/TTO','https://codes.wmo.int/wmdr/TerritoryName','Trinidad and Tobago','Trinidad and Tobago','TTO',NULL,'[{"type": "text/html", "rel": "canonical", "href": "https://codes.wmo.int/wmdr/TerritoryName/TTO"}]',1,'2023-08-17T08:05:34.957392','x-opencdms:admin:user:1','x-opencdms:reference_data:status:1','First automated ingest from codes.wmo.int. Data download on _change_date.'
'https://codes.wmo.int/wmdr/TerritoryName/TUN','https://codes.wmo.int/wmdr/TerritoryName','Tunisia','Tunisia','TUN',NULL,'[{"type": "text/html", "rel": "canonical", "href": "https://codes.wmo.int/wmdr/TerritoryName/TUN"}]',1,'2023-08-17T08:05:34.957392','x-opencdms:admin:user:1','x-opencdms:reference_data:status:1','First automated ingest from codes.wmo.int. Data download on _change_date.'
'https://codes.wmo.int/wmdr/TerritoryName/TUR','https://codes.wmo.int/wmdr/TerritoryName','Turkey','Turkey','TUR',NULL,'[{"type": "text/html", "rel": "canonical", "href": "https://codes.wmo.int/wmdr/TerritoryName/TUR"}]',1,'2023-08-17T08:05:34.957392','x-opencdms:admin:user:1','x-opencdms:reference_data:status:1','First automated ingest from codes.wmo.int. Data download on _change_date.'
'https://codes.wmo.int/wmdr/TerritoryName/TUV','https://codes.wmo.int/wmdr/TerritoryName','Tuvalu','Tuvalu','TUV',NULL,'[{"type": "text/html", "rel": "canonical", "href": "https://codes.wmo.int/wmdr/TerritoryName/TUV"}]',1,'2023-08-17T08:05:34.957392','x-opencdms:admin:user:1','x-opencdms:reference_data:status:1','First automated ingest from codes.wmo.int. Data download on _change_date.'
'https://codes.wmo.int/wmdr/TerritoryName/TWN','https://codes.wmo.int/wmdr/TerritoryName','Taiwan, Province of China','Taiwan, Province of China','TWN',NULL,'[{"type": "text/html", "rel": "canonical", "href": "https://codes.wmo.int/wmdr/TerritoryName/TWN"}]',1,'2023-08-17T08:05:34.957392','x-opencdms:admin:user:1','x-opencdms:reference_data:status:1','First automated ingest from codes.wmo.int. Data download on _change_date.'
'https://codes.wmo.int/wmdr/TerritoryName/TZA','https://codes.wmo.int/wmdr/TerritoryName','Tanzania, United Republic of','Tanzania, United Republic of','TZA',NULL,'[{"type": "text/html", "rel": "canonical", "href": "https://codes.wmo.int/wmdr/TerritoryName/TZA"}]',1,'2023-08-17T08:05:34.957392','x-opencdms:admin:user:1','x-opencdms:reference_data:status:1','First automated ingest from codes.wmo.int. Data download on _change_date.'
'https://codes.wmo.int/wmdr/TerritoryName/UGA','https://codes.wmo.int/wmdr/TerritoryName','Uganda','Uganda','UGA',NULL,'[{"type": "text/html", "rel": "canonical", "href": "https://codes.wmo.int/wmdr/TerritoryName/UGA"}]',1,'2023-08-17T08:05:34.957392','x-opencdms:admin:user:1','x-opencdms:reference_data:status:1','First automated ingest from codes.wmo.int. Data download on _change_date.'
'https://codes.wmo.int/wmdr/TerritoryName/UKR','https://codes.wmo.int/wmdr/TerritoryName','Ukraine','Ukraine','UKR',NULL,'[{"type": "text/html", "rel": "canonical", "href": "https://codes.wmo.int/wmdr/TerritoryName/UKR"}]',1,'2023-08-17T08:05:34.957392','x-opencdms:admin:user:1','x-opencdms:reference_data:status:1','First automated ingest from codes.wmo.int. Data download on _change_date.'
'https://codes.wmo.int/wmdr/TerritoryName/URY','https://codes.wmo.int/wmdr/TerritoryName','Uruguay','Uruguay','URY',NULL,'[{"type": "text/html", "rel": "canonical", "href": "https://codes.wmo.int/wmdr/TerritoryName/URY"}]',1,'2023-08-17T08:05:34.957392','x-opencdms:admin:user:1','x-opencdms:reference_data:status:1','First automated ingest from codes.wmo.int. Data download on _change_date.'
'https://codes.wmo.int/wmdr/TerritoryName/USA','https://codes.wmo.int/wmdr/TerritoryName','United States (the)','United States (the)','USA',NULL,'[{"type": "text/html", "rel": "canonical", "href": "https://codes.wmo.int/wmdr/TerritoryName/USA"}]',1,'2023-08-17T08:05:34.957392','x-opencdms:admin:user:1','x-opencdms:reference_data:status:1','First automated ingest from codes.wmo.int. Data download on _change_date.'
'https://codes.wmo.int/wmdr/TerritoryName/UZB','https://codes.wmo.int/wmdr/TerritoryName','Uzbekistan','Uzbekistan','UZB',NULL,'[{"type": "text/html", "rel": "canonical", "href": "https://codes.wmo.int/wmdr/TerritoryName/UZB"}]',1,'2023-08-17T08:05:34.957392','x-opencdms:admin:user:1','x-opencdms:reference_data:status:1','First automated ingest from codes.wmo.int. Data download on _change_date.'
'https://codes.wmo.int/wmdr/TerritoryName/VCT','https://codes.wmo.int/wmdr/TerritoryName','Saint Vincent and Grenadines','Saint Vincent and Grenadines','VCT',NULL,'[{"type": "text/html", "rel": "canonical", "href": "https://codes.wmo.int/wmdr/TerritoryName/VCT"}]',1,'2023-08-17T08:05:34.957392','x-opencdms:admin:user:1','x-opencdms:reference_data:status:1','First automated ingest from codes.wmo.int. Data download on _change_date.'
'https://codes.wmo.int/wmdr/TerritoryName/VEN','https://codes.wmo.int/wmdr/TerritoryName','Venezuela, Bolivarian Republic of','Venezuela, Bolivarian Republic of','VEN',NULL,'[{"type": "text/html", "rel": "canonical", "href": "https://codes.wmo.int/wmdr/TerritoryName/VEN"}]',1,'2023-08-17T08:05:34.957392','x-opencdms:admin:user:1','x-opencdms:reference_data:status:1','First automated ingest from codes.wmo.int. Data download on _change_date.'
'https://codes.wmo.int/wmdr/TerritoryName/VGB','https://codes.wmo.int/wmdr/TerritoryName','British Virgin Islands','British Virgin Islands','VGB',NULL,'[{"type": "text/html", "rel": "canonical", "href": "https://codes.wmo.int/wmdr/TerritoryName/VGB"}]',1,'2023-08-17T08:05:34.957392','x-opencdms:admin:user:1','x-opencdms:reference_data:status:1','First automated ingest from codes.wmo.int. Data download on _change_date.'
'https://codes.wmo.int/wmdr/TerritoryName/VNM','https://codes.wmo.int/wmdr/TerritoryName','Viet Nam','Viet Nam','VNM',NULL,'[{"type": "text/html", "rel": "canonical", "href": "https://codes.wmo.int/wmdr/TerritoryName/VNM"}]',1,'2023-08-17T08:05:34.957392','x-opencdms:admin:user:1','x-opencdms:reference_data:status:1','First automated ingest from codes.wmo.int. Data download on _change_date.'
'https://codes.wmo.int/wmdr/TerritoryName/VUT','https://codes.wmo.int/wmdr/TerritoryName','Vanuatu','Vanuatu','VUT',NULL,'[{"type": "text/html", "rel": "canonical", "href": "https://codes.wmo.int/wmdr/TerritoryName/VUT"}]',1,'2023-08-17T08:05:34.957392','x-opencdms:admin:user:1','x-opencdms:reference_data:status:1','First automated ingest from codes.wmo.int. Data download on _change_date.'
'https://codes.wmo.int/wmdr/TerritoryName/WSM','https://codes.wmo.int/wmdr/TerritoryName','Samoa','Samoa','WSM',NULL,'[{"type": "text/html", "rel": "canonical", "href": "https://codes.wmo.int/wmdr/TerritoryName/WSM"}]',1,'2023-08-17T08:05:34.957392','x-opencdms:admin:user:1','x-opencdms:reference_data:status:1','First automated ingest from codes.wmo.int. Data download on _change_date.'
'https://codes.wmo.int/wmdr/TerritoryName/YEM','https://codes.wmo.int/wmdr/TerritoryName','Yemen','Yemen','YEM',NULL,'[{"type": "text/html", "rel": "canonical", "href": "https://codes.wmo.int/wmdr/TerritoryName/YEM"}]',1,'2023-08-17T08:05:34.957392','x-opencdms:admin:user:1','x-opencdms:reference_data:status:1','First automated ingest from codes.wmo.int. Data download on _change_date.'
'https://codes.wmo.int/wmdr/TerritoryName/ZAF','https://codes.wmo.int/wmdr/TerritoryName','South Africa','South Africa','ZAF',NULL,'[{"type": "text/html", "rel": "canonical", "href": "https://codes.wmo.int/wmdr/TerritoryName/ZAF"}]',1,'2023-08-17T08:05:34.957392','x-opencdms:admin:user:1','x-opencdms:reference_data:status:1','First automated ingest from codes.wmo.int. Data download on _change_date.'
'https://codes.wmo.int/wmdr/TerritoryName/ZMB','https://codes.wmo.int/wmdr/TerritoryName','Zambia','Zambia','ZMB',NULL,'[{"type": "text/html", "rel": "canonical", "href": "https://codes.wmo.int/wmdr/TerritoryName/ZMB"}]',1,'2023-08-17T08:05:34.957392','x-opencdms:admin:user:1','x-opencdms:reference_data:status:1','First automated ingest from codes.wmo.int. Data download on _change_date.'
'https://codes.wmo.int/wmdr/TerritoryName/ZWE','https://codes.wmo.int/wmdr/TerritoryName','Zimbabwe','Zimbabwe','ZWE',NULL,'[{"type": "text/html", "rel": "canonical", "href": "https://codes.wmo.int/wmdr/TerritoryName/ZWE"}]',1,'2023-08-17T08:05:34.957392','x-opencdms:admin:user:1','x-opencdms:reference_data:status:1','First automated ingest from codes.wmo.int. Data download on _change_date.'
'https://codes.wmo.int/wmdr/TerritoryName/inapplicable','https://codes.wmo.int/wmdr/TerritoryName','inapplicable','Territory not applicable.','inapplicable',NULL,'[{"type": "text/html", "rel": "canonical", "href": "https://codes.wmo.int/wmdr/TerritoryName/inapplicable"}]',1,'2023-08-17T08:05:34.957392','x-opencdms:admin:user:1','x-opencdms:reference_data:status:1','First automated ingest from codes.wmo.int. Data download on _change_date.'
'https://codes.wmo.int/wmdr/TerritoryName/unknown','https://codes.wmo.int/wmdr/TerritoryName','unknown','Territory unknown.','unknown',NULL,'[{"type": "text/html", "rel": "canonical", "href": "https://codes.wmo.int/wmdr/TerritoryName/unknown"}]',1,'2023-08-17T08:05:34.957392','x-opencdms:admin:user:1','x-opencdms:reference_data:status:1','First automated ingest from codes.wmo.int. Data download on _change_date.'
